puzzle_id,puzzle_state,manhattan_distance,misplaced_tiles,linear_conflict,corner_misplaced,blank_position,blank_row,blank_col,blank_in_center,max_tile_displacement,num_valid_moves,permutation_parity,scramble_moves,astar_steps,astar_nodes_explored,astar_time_ms,bfs_nodes_explored,bfs_time_ms,difficulty_label
1,"(2, 0, 3, 1, 4, 6, 7, 5, 8)",5,5,0,2,1,0,1,0,1,3,0,11,5,6,0.0548,22,0.0548,trivial
2,"(0, 2, 3, 1, 5, 6, 4, 7, 8)",4,4,0,2,0,0,0,0,1,2,0,4,4,5,0.0272,15,0.0346,trivial
3,"(1, 2, 3, 4, 5, 6, 0, 7, 8)",2,2,0,1,6,2,0,0,1,2,0,12,2,3,0.0172,2,0.0048,trivial
4,"(1, 2, 3, 0, 5, 6, 4, 7, 8)",3,3,0,2,3,1,0,0,1,3,0,7,3,4,0.0231,9,0.0174,trivial
5,"(1, 2, 3, 4, 5, 6, 7, 8, 0)",0,0,0,0,8,2,2,0,0,2,0,10,0,1,0,1,0,trivial
6,"(1, 2, 3, 4, 5, 0, 7, 8, 6)",1,1,0,1,5,1,2,0,1,3,0,3,1,2,0.011,1,0.005,trivial
7,"(1, 2, 3, 0, 4, 5, 7, 8, 6)",3,3,0,1,3,1,0,0,1,3,0,3,3,4,0.0405,5,0.021,trivial
8,"(1, 2, 3, 4, 0, 6, 7, 5, 8)",2,2,0,1,4,1,1,1,1,4,0,4,2,3,0.02,5,0.0122,trivial
9,"(0, 5, 2, 1, 4, 3, 7, 8, 6)",6,6,0,2,0,0,0,0,1,2,0,6,6,7,0.0472,45,0.0975,trivial
10,"(1, 3, 6, 4, 2, 0, 7, 5, 8)",5,5,0,2,5,1,2,0,1,3,0,11,5,6,0.036,29,0.0522,trivial
11,"(1, 7, 2, 3, 0, 8, 5, 6, 4)",16,7,0,3,4,1,1,1,3,4,0,40,20,396,2.6426,43699,157.5778,hard
12,"(1, 3, 5, 4, 2, 6, 7, 8, 0)",4,3,0,1,8,2,2,0,2,2,0,10,6,8,0.0718,50,0.1144,trivial
13,"(1, 2, 3, 5, 0, 6, 4, 7, 8)",4,4,0,2,4,1,1,1,1,4,0,10,4,5,0.0312,15,0.026,trivial
14,"(1, 0, 3, 4, 2, 5, 7, 8, 6)",3,3,0,1,1,0,1,0,1,3,0,5,3,4,0.0267,8,0.0198,trivial
15,"(1, 0, 2, 4, 5, 3, 7, 8, 6)",3,3,0,2,1,0,1,0,1,3,0,7,3,4,0.0238,6,0.0126,trivial
16,"(1, 0, 5, 4, 3, 2, 7, 8, 6)",7,4,0,2,1,0,1,0,2,3,0,11,7,15,0.0885,75,0.1523,trivial
17,"(1, 2, 0, 4, 5, 3, 7, 8, 6)",2,2,0,1,2,0,2,0,1,2,0,2,2,3,0.0179,3,0.0069,trivial
18,"(1, 5, 2, 4, 8, 3, 7, 6, 0)",6,5,0,1,8,2,2,0,2,2,0,10,6,7,0.041,41,0.0899,trivial
19,"(0, 1, 3, 4, 2, 5, 7, 8, 6)",4,4,0,1,0,0,0,0,1,2,0,8,4,5,0.0379,10,0.0246,trivial
20,"(1, 2, 3, 4, 0, 5, 7, 8, 6)",2,2,0,1,4,1,1,1,1,4,0,6,2,3,0.0246,3,0.0083,trivial
21,"(4, 1, 0, 5, 3, 2, 7, 8, 6)",8,6,0,2,2,0,2,0,2,2,0,10,8,10,0.0553,123,0.2246,trivial
22,"(1, 2, 3, 4, 5, 6, 7, 0, 8)",1,1,0,1,7,2,1,0,1,3,0,3,1,2,0.0122,1,0.005,trivial
23,"(1, 2, 3, 4, 8, 0, 7, 6, 5)",5,3,0,1,5,1,2,0,2,3,0,11,5,6,0.0367,32,0.0758,trivial
24,"(2, 3, 6, 0, 1, 5, 4, 7, 8)",9,8,0,4,3,1,0,0,2,3,0,17,9,13,0.0703,187,0.3297,easy
25,"(1, 2, 3, 7, 4, 6, 0, 5, 8)",4,4,0,1,6,2,0,0,1,2,0,8,4,5,0.0315,14,0.0279,trivial
26,"(1, 2, 3, 7, 4, 8, 6, 0, 5)",9,5,0,2,7,2,1,0,3,3,0,17,9,17,0.1383,190,0.3362,easy
27,"(2, 0, 3, 1, 5, 6, 4, 7, 8)",5,5,0,3,1,0,1,0,1,3,0,11,5,6,0.031,23,0.0539,trivial
28,"(1, 2, 3, 4, 6, 0, 7, 5, 8)",3,3,0,1,5,1,2,0,1,3,0,3,3,4,0.0267,7,0.0148,trivial
29,"(1, 2, 3, 8, 5, 6, 4, 7, 0)",4,3,0,1,8,2,2,0,2,2,0,10,8,16,0.1066,129,0.2282,trivial
30,"(4, 1, 3, 7, 2, 5, 8, 0, 6)",7,7,0,3,7,2,1,0,1,3,0,9,7,8,0.0529,70,0.159,trivial
31,"(1, 3, 0, 4, 2, 5, 7, 8, 6)",4,4,0,1,2,0,2,0,1,2,0,4,4,5,0.0303,10,0.0238,trivial
32,"(1, 0, 2, 5, 6, 3, 4, 7, 8)",7,7,0,3,1,0,1,0,1,3,0,11,7,8,0.0484,73,0.1426,trivial
33,"(1, 5, 2, 0, 4, 6, 7, 3, 8)",7,5,0,2,3,1,0,0,3,3,0,17,9,18,0.1013,232,0.5021,easy
34,"(1, 2, 3, 4, 8, 5, 7, 6, 0)",4,3,0,0,8,2,2,0,2,2,0,10,4,5,0.0305,10,0.0224,trivial
35,"(4, 5, 3, 2, 0, 6, 1, 7, 8)",8,6,0,3,4,1,1,1,2,4,0,22,12,54,0.3388,1233,2.569,easy
36,"(1, 2, 3, 8, 5, 6, 4, 0, 7)",5,3,0,2,7,2,1,0,2,3,0,11,9,27,0.1559,220,0.3986,easy
37,"(4, 1, 2, 5, 0, 3, 7, 8, 6)",6,6,0,3,4,1,1,1,1,4,0,10,6,7,0.0427,38,0.0713,trivial
38,"(1, 2, 3, 0, 4, 6, 7, 5, 8)",3,3,0,1,3,1,0,0,1,3,0,11,3,4,0.0343,7,0.0222,trivial
39,"(4, 1, 3, 2, 0, 6, 7, 5, 8)",6,5,0,2,4,1,1,1,2,4,0,10,6,9,0.0572,41,0.077,trivial
40,"(1, 8, 5, 4, 6, 2, 0, 7, 3)",10,6,0,2,6,2,0,0,2,2,0,20,12,19,0.1929,910,2.3389,easy
41,"(5, 1, 3, 4, 2, 6, 7, 0, 8)",5,4,0,2,7,2,1,0,2,3,0,21,9,21,0.1504,209,0.4225,easy
42,"(2, 3, 5, 1, 0, 8, 4, 7, 6)",10,8,0,4,4,1,1,1,2,4,0,20,10,12,0.0708,400,0.7224,easy
43,"(1, 2, 3, 4, 8, 5, 0, 7, 6)",4,4,0,1,6,2,0,0,1,2,0,8,4,5,0.0503,10,0.0348,trivial
44,"(0, 2, 3, 1, 4, 8, 7, 6, 5)",8,5,0,1,0,0,0,0,2,2,0,12,8,14,0.0858,129,0.2401,trivial
45,"(0, 1, 2, 4, 5, 3, 7, 8, 6)",4,4,0,2,0,0,0,0,1,2,0,12,4,5,0.025,8,0.0172,trivial
46,"(1, 6, 2, 4, 3, 8, 0, 7, 5)",10,6,0,2,6,2,0,0,2,2,0,20,10,13,0.0784,283,0.5648,easy
47,"(1, 0, 3, 4, 2, 6, 7, 5, 8)",3,3,0,1,1,0,1,0,1,3,0,9,3,4,0.0267,9,0.0186,trivial
48,"(7, 1, 3, 5, 8, 0, 6, 2, 4)",13,7,0,3,5,1,2,0,3,3,0,27,17,80,0.5624,10337,35.2635,medium
49,"(1, 0, 3, 5, 2, 6, 4, 7, 8)",5,5,0,2,1,0,1,0,1,3,0,11,5,6,0.037,29,0.0608,trivial
50,"(1, 3, 0, 4, 2, 6, 7, 5, 8)",4,4,0,1,2,0,2,0,1,2,0,4,4,5,0.031,11,0.0219,trivial
51,"(1, 6, 2, 4, 3, 5, 8, 7, 0)",8,6,0,2,8,2,2,0,2,2,0,26,18,397,2.6252,15684,37.0514,medium
52,"(7, 4, 2, 8, 1, 3, 0, 5, 6)",12,8,0,3,6,2,0,0,2,2,0,20,12,23,0.1411,1093,2.1062,easy
53,"(1, 5, 2, 0, 4, 3, 7, 8, 6)",5,5,0,2,3,1,0,0,1,3,0,11,5,6,0.0365,23,0.0451,trivial
54,"(0, 1, 2, 4, 8, 3, 7, 6, 5)",8,6,0,2,0,0,0,0,2,2,0,12,8,9,0.0517,99,0.1774,trivial
55,"(1, 2, 0, 4, 6, 3, 7, 5, 8)",4,4,0,1,2,0,2,0,1,2,0,10,4,5,0.051,14,0.0279,trivial
56,"(1, 2, 3, 7, 0, 6, 5, 4, 8)",6,4,0,2,4,1,1,1,2,4,0,10,6,8,0.0532,64,0.164,trivial
57,"(1, 0, 3, 4, 2, 8, 7, 6, 5)",7,4,0,1,1,0,1,0,2,3,0,9,7,13,0.0832,94,0.1636,trivial
58,"(1, 5, 2, 4, 0, 3, 7, 8, 6)",4,4,0,2,4,1,1,1,1,4,0,6,4,5,0.0525,19,0.0341,trivial
59,"(1, 2, 3, 5, 7, 6, 4, 8, 0)",4,3,0,1,8,2,2,0,2,2,0,10,6,8,0.0463,37,0.0799,trivial
60,"(1, 3, 5, 4, 2, 0, 7, 8, 6)",5,4,0,2,5,1,2,0,2,3,0,5,5,7,0.0393,28,0.0515,trivial
61,"(8, 0, 1, 4, 5, 2, 7, 6, 3)",11,5,0,3,1,0,1,0,3,3,0,29,15,74,0.4463,3561,7.9019,medium
62,"(0, 1, 3, 7, 2, 5, 8, 4, 6)",8,7,0,2,0,0,0,0,2,2,0,12,8,11,0.0827,115,0.2191,trivial
63,"(1, 6, 2, 4, 0, 3, 7, 5, 8)",6,5,0,2,4,1,1,1,2,4,0,10,6,9,0.0565,60,0.1049,trivial
64,"(1, 3, 5, 0, 8, 2, 4, 7, 6)",9,7,0,3,3,1,0,0,2,3,0,17,9,11,0.0648,281,0.519,easy
65,"(1, 8, 2, 7, 5, 0, 3, 4, 6)",11,6,0,3,5,1,2,0,4,3,0,27,17,167,0.9999,10165,21.5764,medium
66,"(1, 2, 3, 4, 8, 5, 7, 0, 6)",3,3,0,1,7,2,1,0,1,3,0,11,3,4,0.0267,8,0.0188,trivial
67,"(1, 6, 2, 4, 5, 3, 7, 0, 8)",5,4,0,2,7,2,1,0,2,3,0,11,7,11,0.0782,102,0.2327,trivial
68,"(1, 2, 3, 0, 8, 5, 4, 7, 6)",5,5,0,2,3,1,0,0,1,3,0,11,5,6,0.0367,32,0.0756,trivial
69,"(2, 3, 6, 1, 4, 0, 7, 5, 8)",7,7,0,3,5,1,2,0,1,3,0,9,7,8,0.0634,88,0.1724,trivial
70,"(0, 2, 3, 1, 4, 6, 7, 5, 8)",4,4,0,1,0,0,0,0,1,2,0,4,4,5,0.0319,14,0.0291,trivial
71,"(1, 2, 3, 7, 4, 5, 0, 8, 6)",4,4,0,1,6,2,0,0,1,2,0,10,4,5,0.0322,12,0.0236,trivial
72,"(7, 4, 1, 6, 3, 2, 8, 5, 0)",14,8,0,3,8,2,2,0,2,2,0,42,20,353,2.0766,28663,70.009,hard
73,"(1, 2, 0, 4, 5, 8, 7, 6, 3)",6,3,0,1,2,0,2,0,2,2,0,22,10,20,0.1202,330,0.6166,easy
74,"(4, 1, 3, 0, 2, 6, 7, 5, 8)",5,5,0,2,3,1,0,0,1,3,0,11,5,6,0.0365,29,0.0508,trivial
75,"(1, 5, 2, 4, 3, 6, 7, 8, 0)",4,3,0,1,8,2,2,0,2,2,0,12,6,8,0.0687,45,0.082,trivial
76,"(4, 1, 0, 5, 8, 2, 7, 6, 3)",10,7,0,2,2,0,2,0,2,2,0,22,10,11,0.077,404,1.1358,easy
77,"(2, 5, 3, 1, 0, 8, 4, 6, 7)",10,7,0,3,4,1,1,1,2,4,0,22,10,16,0.092,520,0.9954,easy
78,"(1, 3, 5, 7, 2, 6, 8, 4, 0)",8,6,0,2,8,2,2,0,2,2,0,12,10,16,0.0923,414,0.7968,easy
79,"(4, 1, 3, 0, 2, 8, 7, 6, 5)",9,6,0,2,3,1,0,0,2,3,0,21,9,15,0.0985,257,0.5078,easy
80,"(1, 6, 0, 5, 3, 7, 4, 8, 2)",12,6,0,2,2,0,2,0,3,2,0,22,14,48,0.2682,2258,4.8664,easy
81,"(3, 6, 2, 1, 4, 0, 7, 5, 8)",9,7,0,3,5,1,2,0,2,3,0,21,11,22,0.1323,643,1.1289,easy
82,"(4, 1, 3, 2, 6, 8, 7, 0, 5)",9,6,0,2,7,2,1,0,2,3,0,21,9,12,0.0827,217,0.38,easy
83,"(1, 2, 3, 4, 6, 8, 7, 0, 5)",5,3,0,1,7,2,1,0,2,3,0,7,5,6,0.0372,26,0.046,trivial
84,"(2, 3, 6, 1, 4, 8, 7, 0, 5)",9,7,0,3,7,2,1,0,2,3,0,19,9,10,0.078,237,0.4146,easy
85,"(4, 0, 1, 7, 6, 3, 5, 2, 8)",11,8,0,4,1,0,1,0,2,3,0,19,11,13,0.0749,605,1.0438,easy
86,"(0, 2, 3, 1, 4, 5, 7, 8, 6)",4,4,0,1,0,0,0,0,1,2,0,12,4,5,0.0298,12,0.0238,trivial
87,"(1, 6, 4, 7, 8, 2, 3, 0, 5)",15,7,0,3,7,2,1,0,4,3,0,37,21,707,4.2231,46061,118.5298,hard
88,"(1, 3, 6, 5, 0, 2, 4, 7, 8)",8,7,0,3,4,1,1,1,2,4,0,12,8,13,0.0794,153,0.2604,trivial
89,"(1, 5, 2, 4, 6, 8, 0, 7, 3)",8,6,0,2,6,2,0,0,2,2,0,14,10,21,0.21,330,0.9909,easy
90,"(6, 5, 2, 4, 0, 3, 7, 1, 8)",10,6,0,3,4,1,1,1,3,4,0,30,16,160,1.0099,8539,18.1844,medium
91,"(4, 0, 2, 6, 1, 3, 7, 5, 8)",9,7,0,3,1,0,1,0,2,3,0,21,9,14,0.0834,246,0.5901,easy
92,"(1, 2, 3, 4, 6, 8, 0, 7, 5)",6,4,0,1,6,2,0,0,2,2,0,10,6,7,0.0403,34,0.0603,trivial
93,"(5, 1, 2, 0, 7, 3, 4, 8, 6)",9,7,0,4,3,1,0,0,2,3,0,17,11,30,0.1733,666,1.229,easy
94,"(1, 2, 3, 0, 5, 7, 4, 8, 6)",5,3,0,2,3,1,0,0,3,3,0,17,9,22,0.128,198,0.3607,easy
95,"(4, 0, 2, 1, 6, 3, 5, 7, 8)",9,8,0,4,1,0,1,0,2,3,0,29,17,341,2.0609,9855,29.8347,medium
96,"(1, 4, 3, 6, 0, 2, 5, 8, 7)",10,5,0,2,4,1,1,1,2,4,0,50,24,4183,28.1141,111932,313.0805,very_hard
97,"(4, 1, 2, 7, 5, 3, 0, 8, 6)",6,6,0,3,6,2,0,0,1,2,0,10,6,7,0.0503,48,0.0985,trivial
98,"(4, 1, 3, 0, 2, 5, 7, 8, 6)",5,5,0,2,3,1,0,0,1,3,0,7,5,6,0.0446,28,0.0598,trivial
99,"(7, 0, 5, 1, 4, 2, 6, 8, 3)",13,7,0,4,1,0,1,0,3,3,0,25,19,251,1.6153,25477,68.5399,medium
100,"(2, 3, 1, 0, 8, 6, 7, 4, 5)",9,6,0,3,3,1,0,0,2,3,0,27,19,474,3.0768,25029,68.7099,medium
101,"(3, 1, 7, 0, 8, 6, 2, 5, 4)",15,7,0,4,3,1,0,0,4,3,0,53,25,2019,13.3443,139834,374.8503,very_hard
102,"(0, 6, 3, 5, 4, 8, 1, 7, 2)",12,7,0,2,0,0,0,0,3,2,0,36,22,1100,6.9332,70303,192.7855,hard
103,"(4, 1, 3, 8, 7, 6, 5, 0, 2)",11,6,0,3,7,2,1,0,3,3,0,21,15,119,0.7429,3666,8.4689,medium
104,"(1, 2, 3, 8, 0, 5, 4, 7, 6)",6,5,0,2,4,1,1,1,2,4,0,10,6,9,0.0567,44,0.0865,trivial
105,"(1, 3, 5, 7, 0, 4, 8, 6, 2)",12,7,0,3,4,1,1,1,3,4,0,14,12,20,0.1962,1112,1.9436,easy
106,"(1, 0, 3, 4, 8, 2, 7, 5, 6)",5,4,0,1,1,0,1,0,2,3,0,29,15,210,1.298,3810,17.9033,medium
107,"(2, 0, 3, 1, 4, 8, 7, 6, 5)",9,6,0,2,1,0,1,0,2,3,0,21,9,15,0.1249,190,0.3514,easy
108,"(1, 2, 3, 7, 4, 6, 5, 0, 8)",5,4,0,2,7,2,1,0,2,3,0,7,5,7,0.042,22,0.0453,trivial
109,"(1, 6, 2, 0, 7, 8, 3, 4, 5)",15,7,0,3,3,1,0,0,4,3,0,27,15,44,0.2649,4090,8.8382,medium
110,"(2, 0, 3, 1, 7, 5, 8, 4, 6)",9,7,0,3,1,0,1,0,2,3,0,15,9,12,0.0761,197,0.3512,easy
111,"(4, 1, 3, 7, 2, 0, 8, 6, 5)",9,7,0,3,5,1,2,0,2,3,0,17,9,10,0.0722,273,0.4797,easy
112,"(1, 5, 2, 0, 8, 3, 4, 7, 6)",7,7,0,3,3,1,0,0,1,3,0,11,7,8,0.0596,103,0.174,trivial
113,"(1, 2, 3, 5, 6, 0, 4, 7, 8)",5,5,0,2,5,1,2,0,1,3,0,9,5,6,0.0391,21,0.0522,trivial
114,"(0, 4, 1, 7, 2, 3, 8, 6, 5)",12,8,0,3,0,0,0,0,2,2,0,22,12,19,0.1087,762,1.3011,easy
115,"(4, 0, 3, 7, 1, 2, 8, 6, 5)",11,7,0,3,1,0,1,0,2,3,0,19,11,18,0.1121,714,1.3342,easy
116,"(1, 2, 3, 0, 7, 6, 5, 4, 8)",7,4,0,2,3,1,0,0,2,3,0,9,7,15,0.0877,80,0.1595,trivial
117,"(1, 0, 2, 4, 6, 3, 7, 5, 8)",5,5,0,2,1,0,1,0,1,3,0,7,5,6,0.0358,26,0.0482,trivial
118,"(1, 3, 5, 8, 2, 0, 4, 7, 6)",9,7,0,3,5,1,2,0,2,3,0,15,9,13,0.0753,253,0.4413,easy
119,"(2, 3, 6, 1, 5, 0, 4, 7, 8)",7,7,0,4,5,1,2,0,1,3,0,11,7,8,0.0656,89,0.1633,trivial
120,"(1, 3, 6, 4, 0, 8, 7, 2, 5)",8,5,0,2,4,1,1,1,2,4,0,10,8,13,0.0749,201,0.3726,trivial
121,"(1, 5, 2, 4, 3, 0, 7, 8, 6)",5,4,0,2,5,1,2,0,2,3,0,5,5,7,0.0396,23,0.042,trivial
122,"(8, 1, 2, 0, 7, 3, 5, 4, 6)",13,8,0,4,3,1,0,0,3,3,0,27,15,119,0.7706,4931,10.6626,medium
123,"(4, 1, 2, 0, 8, 3, 5, 7, 6)",9,8,0,4,3,1,0,0,2,3,0,13,9,15,0.0918,275,0.5572,easy
124,"(4, 1, 3, 7, 5, 6, 8, 0, 2)",7,5,0,3,7,2,1,0,3,3,0,17,11,39,0.2196,609,1.0793,easy
125,"(4, 1, 5, 0, 3, 2, 7, 8, 6)",9,6,0,3,3,1,0,0,2,3,0,15,9,17,0.1013,241,0.392,easy
126,"(1, 2, 3, 4, 0, 8, 7, 6, 5)",6,3,0,1,4,1,1,1,2,4,0,12,6,12,0.0775,52,0.0954,trivial
127,"(5, 1, 2, 4, 6, 3, 0, 7, 8)",8,7,0,3,6,2,0,0,2,2,0,20,10,16,0.0944,395,10.6301,easy
128,"(4, 0, 3, 7, 1, 6, 5, 2, 8)",9,6,0,3,1,0,1,0,2,3,0,21,9,11,0.067,283,0.5393,easy
129,"(1, 3, 6, 4, 0, 2, 7, 5, 8)",6,5,0,2,4,1,1,1,2,4,0,12,6,9,0.0794,49,0.1271,trivial
130,"(1, 3, 6, 4, 2, 8, 7, 5, 0)",6,5,0,1,8,2,2,0,2,2,0,6,6,7,0.0703,51,0.16,trivial
131,"(1, 3, 6, 5, 2, 8, 4, 7, 0)",8,7,0,2,8,2,2,0,2,2,0,8,8,9,0.1042,149,0.4723,trivial
132,"(7, 1, 3, 4, 6, 2, 0, 5, 8)",8,6,0,2,6,2,0,0,2,2,0,36,20,858,5.0714,27036,57.8935,hard
133,"(4, 1, 2, 0, 6, 3, 7, 5, 8)",7,7,0,3,3,1,0,0,1,3,0,9,7,8,0.0467,88,0.1719,trivial
134,"(4, 0, 3, 2, 1, 6, 7, 5, 8)",7,5,0,2,1,0,1,0,2,3,0,9,7,10,0.0634,84,0.1478,trivial
135,"(4, 3, 6, 2, 1, 8, 7, 5, 0)",10,7,0,2,8,2,2,0,2,2,0,20,10,13,0.1006,406,0.8397,easy
136,"(0, 6, 2, 1, 5, 3, 4, 7, 8)",8,7,0,3,0,0,0,0,2,2,0,20,10,23,0.1352,369,0.7129,easy
137,"(4, 2, 8, 5, 1, 0, 7, 6, 3)",11,6,0,3,5,1,2,0,3,3,0,17,13,29,0.1659,1798,4.2133,easy
138,"(1, 0, 6, 5, 3, 2, 4, 7, 8)",9,7,0,3,1,0,1,0,2,3,0,19,9,14,0.0818,265,0.4995,easy
139,"(2, 6, 0, 1, 3, 5, 4, 7, 8)",10,8,0,3,2,0,2,0,2,2,0,20,10,16,0.0846,318,0.5853,easy
140,"(4, 1, 2, 0, 5, 3, 7, 8, 6)",5,5,0,3,3,1,0,0,1,3,0,5,5,6,0.0312,26,0.0453,trivial
141,"(4, 2, 3, 7, 0, 1, 8, 5, 6)",8,6,0,3,4,1,1,1,3,4,0,20,12,56,0.3209,1098,1.9464,easy
142,"(4, 0, 1, 7, 5, 2, 8, 6, 3)",11,7,0,4,1,0,1,0,2,3,0,19,11,12,0.0629,621,1.0552,easy
143,"(4, 3, 6, 2, 0, 1, 7, 5, 8)",10,7,0,3,4,1,1,1,3,4,0,14,10,17,0.109,404,0.7086,easy
144,"(1, 2, 3, 7, 4, 5, 8, 0, 6)",5,5,0,2,7,2,1,0,1,3,0,9,5,6,0.037,20,0.035,trivial
145,"(6, 0, 2, 1, 7, 4, 5, 8, 3)",13,7,0,4,1,0,1,0,3,3,0,25,15,43,0.2441,3446,6.9015,medium
146,"(4, 1, 5, 3, 6, 8, 7, 0, 2)",13,7,0,3,7,2,1,0,3,3,0,29,15,52,0.3057,3916,7.4594,medium
147,"(4, 1, 2, 7, 8, 3, 6, 5, 0)",10,8,0,3,8,2,2,0,3,2,0,18,12,15,0.0923,762,1.3781,easy
148,"(1, 2, 3, 0, 4, 8, 7, 6, 5)",7,4,0,1,3,1,0,0,2,3,0,7,7,13,0.0827,68,0.1173,trivial
149,"(3, 0, 6, 1, 4, 2, 7, 5, 8)",9,7,0,3,1,0,1,0,2,3,0,13,9,12,0.0818,187,0.3121,easy
150,"(4, 1, 3, 6, 8, 2, 0, 7, 5)",10,7,0,2,6,2,0,0,2,2,0,32,16,179,1.0149,5483,16.9032,medium
151,"(1, 0, 8, 4, 3, 5, 7, 2, 6)",9,5,0,2,1,0,1,0,3,3,0,21,13,58,0.3736,2013,4.349,easy
152,"(4, 2, 0, 7, 1, 3, 8, 5, 6)",8,7,0,3,2,0,2,0,2,2,0,22,10,23,0.129,335,0.628,easy
153,"(4, 1, 2, 6, 8, 3, 5, 7, 0)",10,8,0,3,8,2,2,0,2,2,0,30,16,122,0.7327,6332,14.5631,medium
154,"(2, 6, 3, 1, 0, 8, 7, 5, 4)",10,6,0,2,4,1,1,1,3,4,0,22,14,99,0.5822,3177,6.9551,easy
155,"(2, 8, 3, 1, 0, 5, 4, 7, 6)",8,7,0,3,4,1,1,1,2,4,0,12,8,11,0.0677,173,0.314,trivial
156,"(1, 2, 0, 7, 4, 3, 8, 6, 5)",8,6,0,2,2,0,2,0,2,2,0,12,8,9,0.0503,144,0.2475,trivial
157,"(2, 3, 0, 1, 4, 5, 7, 8, 6)",6,6,0,2,2,0,2,0,1,2,0,10,6,7,0.0441,32,0.0527,trivial
158,"(1, 2, 3, 5, 6, 8, 4, 0, 7)",7,5,0,2,7,2,1,0,2,3,0,11,7,8,0.0465,73,0.1261,trivial
159,"(0, 2, 3, 1, 8, 7, 4, 6, 5)",10,6,0,2,0,0,0,0,3,2,0,20,12,30,0.2601,947,1.734,easy
160,"(1, 6, 2, 0, 4, 3, 7, 5, 8)",7,6,0,2,3,1,0,0,2,3,0,9,7,10,0.0625,76,0.133,trivial
161,"(1, 5, 2, 4, 3, 6, 7, 0, 8)",5,4,0,2,7,2,1,0,2,3,0,11,7,12,0.0863,75,0.1454,trivial
162,"(1, 5, 2, 7, 4, 3, 0, 8, 6)",6,6,0,2,6,2,0,0,1,2,0,10,6,7,0.056,45,0.0949,trivial
163,"(5, 1, 3, 4, 2, 6, 7, 8, 0)",4,3,0,1,8,2,2,0,2,2,0,14,10,30,0.1948,294,0.5143,easy
164,"(2, 4, 3, 1, 0, 5, 7, 8, 6)",6,5,0,2,4,1,1,1,2,4,0,8,6,9,0.0591,54,0.1097,trivial
165,"(1, 2, 3, 0, 6, 8, 5, 4, 7)",9,5,0,2,3,1,0,0,2,3,0,11,9,10,0.1006,266,0.746,easy
166,"(4, 0, 2, 5, 1, 8, 7, 6, 3)",11,7,0,3,1,0,1,0,2,3,0,21,11,18,0.145,716,1.3807,easy
167,"(4, 3, 8, 7, 5, 2, 0, 6, 1)",14,7,0,3,6,2,0,0,4,2,0,36,20,355,2.1749,33386,83.1299,hard
168,"(4, 1, 2, 7, 5, 0, 8, 6, 3)",9,7,0,4,5,1,2,0,2,3,0,21,9,10,0.0823,271,0.6127,easy
169,"(1, 0, 2, 4, 8, 3, 7, 6, 5)",7,5,0,2,1,0,1,0,2,3,0,11,7,8,0.0463,80,0.1755,trivial
170,"(1, 5, 0, 4, 3, 2, 7, 8, 6)",6,4,0,1,2,0,2,0,2,2,0,8,6,8,0.0446,45,0.0792,trivial
171,"(1, 8, 2, 7, 6, 3, 5, 4, 0)",10,7,0,2,8,2,2,0,2,2,0,26,16,140,0.8307,6009,16.7775,medium
172,"(1, 3, 0, 5, 2, 6, 4, 7, 8)",6,6,0,2,2,0,2,0,1,2,0,8,6,7,0.0405,37,0.0646,trivial
173,"(1, 5, 2, 4, 8, 3, 7, 0, 6)",5,5,0,2,7,2,1,0,1,3,0,11,5,6,0.0401,33,0.0663,trivial
174,"(1, 2, 0, 4, 8, 3, 7, 6, 5)",6,4,0,1,2,0,2,0,2,2,0,10,6,7,0.042,50,0.1132,trivial
175,"(1, 2, 3, 5, 0, 8, 4, 6, 7)",8,5,0,2,4,1,1,1,2,4,0,12,8,12,0.0916,194,0.3514,trivial
176,"(3, 0, 6, 2, 1, 8, 4, 5, 7)",13,8,0,4,1,0,1,0,2,3,0,21,13,30,0.1597,1416,2.5232,easy
177,"(2, 4, 3, 7, 0, 6, 5, 1, 8)",10,6,0,3,4,1,1,1,3,4,0,18,10,16,0.1009,499,1.0498,easy
178,"(0, 1, 3, 4, 2, 6, 7, 5, 8)",4,4,0,1,0,0,0,0,1,2,0,10,4,5,0.0331,11,0.0241,trivial
179,"(4, 1, 3, 7, 2, 5, 0, 8, 6)",6,6,0,2,6,2,0,0,1,2,0,10,6,7,0.0403,50,0.0889,trivial
180,"(4, 1, 3, 7, 5, 0, 8, 2, 6)",7,6,0,3,5,1,2,0,2,3,0,13,9,17,0.0963,227,0.3891,easy
181,"(4, 1, 3, 8, 5, 2, 7, 0, 6)",7,5,0,2,7,2,1,0,2,3,0,31,15,202,1.1823,4576,10.0324,medium
182,"(1, 3, 6, 5, 2, 0, 4, 7, 8)",7,7,0,3,5,1,2,0,1,3,0,11,7,8,0.0489,91,0.1674,trivial
183,"(4, 0, 5, 7, 2, 1, 8, 6, 3)",13,8,0,4,1,0,1,0,3,3,0,29,15,91,0.545,4045,8.5111,medium
184,"(1, 2, 3, 7, 4, 6, 5, 8, 0)",4,3,0,1,8,2,2,0,2,2,0,12,6,8,0.0565,34,0.0682,trivial
185,"(1, 3, 6, 4, 2, 8, 7, 0, 5)",7,5,0,2,7,2,1,0,2,3,0,11,7,8,0.0465,81,0.1388,trivial
186,"(2, 4, 3, 0, 1, 5, 7, 8, 6)",7,5,0,2,3,1,0,0,2,3,0,9,7,10,0.0646,70,0.1171,trivial
187,"(5, 1, 3, 2, 6, 0, 4, 7, 8)",9,7,0,3,5,1,2,0,2,3,0,21,9,13,0.0961,188,0.3448,easy
188,"(4, 1, 3, 5, 7, 2, 8, 0, 6)",9,7,0,3,7,2,1,0,2,3,0,17,13,78,0.4544,1327,2.5089,easy
189,"(7, 0, 2, 5, 1, 4, 8, 6, 3)",13,8,0,4,1,0,1,0,2,3,0,29,15,58,0.3304,4430,9.284,medium
190,"(2, 6, 0, 4, 8, 5, 1, 7, 3)",10,7,0,3,2,0,2,0,2,2,0,54,24,3280,21.3754,110245,273.5088,very_hard
191,"(1, 3, 5, 0, 4, 2, 7, 8, 6)",7,5,0,2,3,1,0,0,2,3,0,11,7,9,0.0544,64,0.1183,trivial
192,"(1, 2, 3, 4, 6, 8, 7, 5, 0)",4,3,0,0,8,2,2,0,2,2,0,6,4,5,0.03,14,0.0298,trivial
193,"(1, 5, 0, 2, 7, 6, 3, 4, 8)",12,6,0,2,2,0,2,0,4,2,0,42,20,428,2.5463,28851,70.0095,hard
194,"(2, 5, 3, 0, 1, 6, 4, 7, 8)",7,6,0,3,3,1,0,0,2,3,0,11,7,11,0.0608,73,0.1483,trivial
195,"(2, 3, 6, 1, 7, 8, 5, 0, 4)",13,8,0,4,7,2,1,0,3,3,0,13,13,34,0.1943,1629,2.9566,easy
196,"(0, 5, 3, 2, 7, 6, 1, 4, 8)",10,6,0,2,0,0,0,0,2,2,0,20,10,17,0.1123,417,0.7455,easy
197,"(1, 2, 3, 5, 7, 6, 0, 4, 8)",6,4,0,1,6,2,0,0,2,2,0,10,6,8,0.0448,37,0.0644,trivial
198,"(4, 2, 5, 7, 6, 1, 0, 8, 3)",10,6,0,3,6,2,0,0,3,2,0,30,16,144,0.828,5636,11.7569,medium
199,"(1, 2, 3, 7, 4, 0, 5, 8, 6)",5,4,0,2,5,1,2,0,2,3,0,9,7,10,0.0596,97,0.1781,trivial
200,"(3, 0, 2, 5, 1, 8, 4, 6, 7)",13,8,0,4,1,0,1,0,2,3,0,27,19,333,1.9414,21481,44.3254,medium
201,"(0, 3, 6, 1, 2, 8, 4, 7, 5)",10,8,0,3,0,0,0,0,2,2,0,18,10,11,0.108,403,1.2667,easy
202,"(1, 2, 6, 4, 3, 5, 0, 7, 8)",6,5,0,2,6,2,0,0,2,2,0,18,12,65,0.6459,1078,3.5465,easy
203,"(2, 4, 3, 7, 1, 6, 5, 0, 8)",9,6,0,3,7,2,1,0,2,3,0,19,9,13,0.118,194,0.5414,easy
204,"(1, 5, 2, 4, 8, 0, 7, 6, 3)",7,5,0,2,5,1,2,0,2,3,0,9,7,8,0.0825,103,0.3438,trivial
205,"(1, 3, 6, 4, 7, 5, 0, 2, 8)",8,6,0,2,6,2,0,0,2,2,0,24,16,193,1.1528,5588,13.5236,medium
206,"(2, 5, 3, 1, 6, 0, 4, 7, 8)",7,7,0,3,5,1,2,0,1,3,0,11,7,8,0.0641,73,0.128,trivial
207,"(1, 0, 3, 8, 2, 5, 4, 7, 6)",7,6,0,2,1,0,1,0,2,3,0,9,7,10,0.066,87,0.1507,trivial
208,"(1, 3, 8, 4, 6, 2, 0, 7, 5)",10,6,0,2,6,2,0,0,3,2,0,16,12,28,0.2201,841,1.683,easy
209,"(1, 6, 2, 0, 5, 3, 4, 7, 8)",7,6,0,3,3,1,0,0,2,3,0,19,9,20,0.1326,212,0.4179,easy
210,"(7, 4, 1, 0, 6, 3, 8, 5, 2)",13,8,0,4,3,1,0,0,3,3,0,31,17,117,0.6766,10947,23.3166,medium
211,"(5, 3, 6, 1, 0, 2, 7, 4, 8)",10,7,0,3,4,1,1,1,2,4,0,30,16,249,1.4279,7284,14.7331,medium
212,"(1, 4, 0, 2, 3, 6, 7, 5, 8)",8,5,0,1,2,0,2,0,2,2,0,30,18,421,2.5458,12942,27.0426,medium
213,"(6, 0, 3, 2, 1, 8, 4, 7, 5)",13,7,0,3,1,0,1,0,3,3,0,19,13,33,0.1848,1345,2.3713,easy
214,"(2, 4, 0, 1, 6, 3, 7, 5, 8)",8,7,0,2,2,0,2,0,2,2,0,12,8,11,0.0663,133,0.2303,trivial
215,"(2, 4, 3, 1, 5, 6, 7, 8, 0)",4,3,0,1,8,2,2,0,2,2,0,12,8,18,0.1395,117,0.2103,trivial
216,"(4, 8, 5, 7, 1, 2, 3, 6, 0)",16,8,0,3,8,2,2,0,4,2,0,40,22,756,4.6754,58695,143.9884,hard
217,"(1, 6, 2, 0, 4, 8, 7, 3, 5)",11,6,0,2,3,1,0,0,3,3,0,21,11,23,0.14,625,1.1826,easy
218,"(1, 8, 2, 4, 3, 5, 7, 0, 6)",7,5,0,2,7,2,1,0,2,3,0,21,11,33,0.1888,600,1.0798,easy
219,"(8, 1, 2, 5, 3, 0, 7, 6, 4)",13,7,0,3,5,1,2,0,3,3,0,41,21,927,5.7123,43165,98.973,hard
220,"(0, 4, 7, 1, 6, 2, 8, 5, 3)",14,8,0,3,0,0,0,0,4,2,0,38,20,406,2.3916,29105,73.6468,hard
221,"(2, 3, 6, 1, 4, 8, 0, 7, 5)",10,8,0,3,6,2,0,0,2,2,0,22,10,11,0.0615,292,0.5691,easy
222,"(0, 1, 2, 4, 6, 3, 7, 5, 8)",6,6,0,2,0,0,0,0,1,2,0,10,6,7,0.0417,34,0.0584,trivial
223,"(4, 3, 5, 0, 2, 1, 7, 8, 6)",9,6,0,3,3,1,0,0,3,3,0,17,11,25,0.165,505,0.8671,easy
224,"(4, 1, 0, 7, 6, 2, 5, 8, 3)",10,7,0,3,2,0,2,0,2,2,0,20,12,28,0.1547,1060,1.9329,easy
225,"(6, 2, 8, 1, 3, 4, 7, 5, 0)",12,6,0,2,8,2,2,0,3,2,0,24,18,125,0.7303,13645,35.686,medium
226,"(0, 3, 6, 8, 5, 7, 2, 1, 4)",16,7,0,3,0,0,0,0,3,2,0,38,22,549,3.1793,60104,176.8291,hard
227,"(0, 4, 1, 7, 2, 3, 5, 8, 6)",10,7,0,3,0,0,0,0,2,2,0,18,12,26,0.1411,763,1.4126,easy
228,"(2, 4, 3, 7, 1, 6, 5, 8, 0)",8,5,0,2,8,2,2,0,2,2,0,22,10,14,0.098,279,0.4611,easy
229,"(7, 1, 3, 0, 2, 6, 5, 4, 8)",9,6,0,3,3,1,0,0,2,3,0,21,9,14,0.0846,260,0.4241,easy
230,"(0, 5, 1, 4, 3, 6, 7, 8, 2)",8,4,0,2,0,0,0,0,3,2,0,30,18,296,1.6823,12654,25.3818,medium
231,"(0, 4, 1, 5, 3, 2, 7, 8, 6)",10,6,0,2,0,0,0,0,2,2,0,22,10,17,0.1075,269,0.4959,easy
232,"(1, 2, 3, 7, 8, 4, 5, 0, 6)",7,5,0,2,7,2,1,0,2,3,0,17,9,22,0.1938,270,0.8669,easy
233,"(0, 1, 3, 5, 2, 6, 4, 7, 8)",6,6,0,2,0,0,0,0,1,2,0,6,6,7,0.0467,37,0.0677,trivial
234,"(1, 2, 3, 5, 7, 6, 4, 0, 8)",5,4,0,2,7,2,1,0,2,3,0,9,5,7,0.0701,29,0.0684,trivial
235,"(5, 1, 3, 2, 7, 6, 0, 4, 8)",10,6,0,2,6,2,0,0,2,2,0,12,10,15,0.0863,303,0.7005,easy
236,"(0, 1, 3, 4, 7, 6, 5, 2, 8)",8,5,0,2,0,0,0,0,2,2,0,18,10,19,0.1721,385,0.8245,easy
237,"(4, 1, 3, 7, 2, 8, 0, 6, 5)",10,7,0,2,6,2,0,0,2,2,0,20,10,16,0.0999,413,1.003,easy
238,"(1, 3, 5, 4, 0, 2, 7, 8, 6)",6,4,0,2,4,1,1,1,2,4,0,12,6,8,0.0782,48,0.1197,trivial
239,"(5, 4, 2, 7, 1, 3, 8, 6, 0)",12,8,0,3,8,2,2,0,2,2,0,22,12,24,0.1388,726,1.5681,easy
240,"(2, 5, 3, 1, 0, 6, 4, 7, 8)",6,6,0,3,4,1,1,1,1,4,0,8,6,7,0.041,57,0.1044,trivial
241,"(2, 4, 3, 1, 8, 5, 7, 0, 6)",7,6,0,2,7,2,1,0,2,3,0,9,7,10,0.0622,96,0.1798,trivial
242,"(0, 1, 2, 5, 6, 3, 4, 7, 8)",8,8,0,3,0,0,0,0,1,2,0,10,8,9,0.0522,92,0.1781,trivial
243,"(2, 3, 6, 1, 5, 8, 0, 4, 7)",10,7,0,3,6,2,0,0,2,2,0,10,10,11,0.0556,293,0.4816,easy
244,"(0, 4, 2, 8, 1, 5, 7, 3, 6)",12,7,0,2,0,0,0,0,3,2,0,32,16,136,0.7663,5948,15.1031,medium
245,"(4, 1, 3, 7, 2, 8, 6, 0, 5)",11,7,0,3,7,2,1,0,3,3,0,17,11,19,0.1135,560,1.044,easy
246,"(2, 0, 3, 1, 4, 5, 7, 8, 6)",5,5,0,2,1,0,1,0,1,3,0,11,5,6,0.037,20,0.0362,trivial
247,"(2, 3, 5, 1, 8, 0, 4, 7, 6)",9,8,0,4,5,1,2,0,2,3,0,17,9,11,0.0601,246,0.4313,easy
248,"(1, 3, 5, 0, 4, 6, 7, 2, 8)",7,5,0,2,3,1,0,0,2,3,0,17,9,18,0.0987,236,0.4177,easy
249,"(1, 3, 5, 0, 7, 2, 8, 4, 6)",11,7,0,3,3,1,0,0,2,3,0,13,11,23,0.1347,512,0.9177,easy
250,"(1, 2, 5, 3, 0, 4, 7, 8, 6)",8,4,0,2,4,1,1,1,3,4,0,14,12,43,0.2427,952,1.8678,easy
251,"(1, 2, 3, 0, 8, 4, 7, 5, 6)",5,4,0,1,3,1,0,0,2,3,0,21,11,47,0.2751,752,1.3647,easy
252,"(2, 0, 3, 7, 5, 6, 1, 4, 8)",7,5,0,3,1,0,1,0,2,3,0,19,11,36,0.2084,685,1.1909,easy
253,"(2, 3, 0, 1, 4, 6, 7, 5, 8)",6,6,0,2,2,0,2,0,1,2,0,12,6,7,0.0539,34,0.0591,trivial
254,"(4, 1, 2, 5, 6, 8, 7, 0, 3)",9,7,0,3,7,2,1,0,2,3,0,17,11,26,0.1729,718,1.2777,easy
255,"(1, 2, 3, 7, 6, 4, 8, 0, 5)",7,5,0,2,7,2,1,0,2,3,0,19,9,23,0.1349,268,0.4756,easy
256,"(1, 5, 0, 7, 4, 2, 8, 6, 3)",10,7,0,2,2,0,2,0,2,2,0,18,10,11,0.0668,397,0.6888,easy
257,"(0, 7, 3, 2, 1, 5, 8, 4, 6)",12,7,0,2,0,0,0,0,3,2,0,20,12,28,0.1616,796,1.404,easy
258,"(2, 8, 3, 1, 5, 6, 4, 7, 0)",6,5,0,2,8,2,2,0,2,2,0,16,10,19,0.1204,370,0.6666,easy
259,"(1, 5, 2, 0, 3, 6, 4, 7, 8)",7,6,0,3,3,1,0,0,2,3,0,15,9,17,0.0994,268,0.4885,easy
260,"(2, 5, 3, 0, 7, 6, 1, 4, 8)",9,6,0,3,3,1,0,0,2,3,0,19,9,16,0.0947,288,0.4919,easy
261,"(5, 0, 2, 1, 4, 3, 7, 8, 6)",7,6,0,3,1,0,1,0,2,3,0,11,7,11,0.1135,65,0.2174,trivial
262,"(1, 5, 2, 7, 3, 0, 8, 4, 6)",9,7,0,3,5,1,2,0,2,3,0,21,9,15,0.088,223,0.6056,easy
263,"(4, 1, 6, 0, 3, 2, 7, 5, 8)",9,7,0,3,3,1,0,0,2,3,0,21,9,12,0.0706,254,0.5317,easy
264,"(8, 7, 3, 1, 0, 6, 5, 2, 4)",14,6,0,3,4,1,1,1,3,4,0,40,20,421,2.444,34302,87.4021,hard
265,"(0, 7, 8, 2, 1, 4, 5, 6, 3)",18,8,0,3,0,0,0,0,3,2,0,52,24,1515,9.0604,98291,243.2194,very_hard
266,"(7, 1, 3, 2, 0, 5, 8, 4, 6)",10,7,0,3,4,1,1,1,2,4,0,12,10,17,0.1225,358,7.6458,easy
267,"(4, 3, 5, 2, 0, 6, 7, 1, 8)",10,6,0,3,4,1,1,1,3,4,0,22,12,31,0.1895,1410,4.2119,easy
268,"(7, 4, 3, 8, 1, 5, 2, 6, 0)",14,7,0,2,8,2,2,0,3,2,0,20,14,23,0.1316,2035,4.879,easy
269,"(3, 0, 5, 1, 2, 7, 4, 8, 6)",11,7,0,4,1,0,1,0,3,3,0,31,17,248,1.498,8689,17.1471,medium
270,"(4, 1, 2, 6, 3, 8, 7, 5, 0)",10,7,0,2,8,2,2,0,2,2,0,16,10,13,0.0858,349,0.6022,easy
271,"(1, 8, 2, 0, 4, 5, 7, 3, 6)",9,6,0,2,3,1,0,0,3,3,0,15,13,55,0.3166,1638,2.7618,easy
272,"(1, 2, 5, 3, 6, 0, 7, 4, 8)",9,5,0,2,5,1,2,0,3,3,0,27,15,135,0.7653,3524,6.4614,medium
273,"(1, 4, 5, 7, 6, 0, 8, 3, 2)",13,7,0,3,5,1,2,0,3,3,0,23,15,75,0.4237,5151,10.5743,medium
274,"(2, 3, 5, 8, 1, 7, 4, 0, 6)",13,8,0,4,7,2,1,0,3,3,0,29,15,47,0.2675,3383,8.9722,medium
275,"(1, 2, 3, 7, 6, 0, 5, 4, 8)",7,5,0,2,5,1,2,0,2,3,0,7,7,9,0.0961,80,0.2542,trivial
276,"(1, 2, 3, 7, 0, 6, 8, 5, 4)",6,4,0,2,4,1,1,1,3,4,0,18,10,34,0.3364,525,1.3156,easy
277,"(4, 7, 2, 5, 1, 6, 0, 3, 8)",12,7,0,3,6,2,0,0,3,2,0,42,20,516,10.7381,34611,75.2311,hard
278,"(0, 2, 6, 1, 3, 4, 7, 5, 8)",8,6,0,2,0,0,0,0,2,2,0,16,10,20,0.1154,317,0.55,easy
279,"(5, 2, 3, 6, 1, 0, 4, 7, 8)",9,6,0,3,5,1,2,0,2,3,0,15,13,35,0.2103,1751,3.7689,easy
280,"(2, 6, 3, 1, 0, 8, 5, 4, 7)",12,7,0,3,4,1,1,1,2,4,0,18,12,18,0.128,1212,2.3236,easy
281,"(1, 3, 0, 4, 2, 8, 7, 6, 5)",8,5,0,1,2,0,2,0,2,2,0,12,8,14,0.087,113,0.1945,trivial
282,"(2, 1, 5, 4, 3, 6, 7, 8, 0)",6,4,0,2,8,2,2,0,2,2,0,30,16,231,1.2968,5161,9.9781,medium
283,"(2, 4, 3, 0, 5, 6, 1, 7, 8)",7,5,0,3,3,1,0,0,2,3,0,17,9,17,0.1018,287,0.5314,easy
284,"(2, 7, 5, 4, 6, 1, 0, 8, 3)",12,6,0,3,6,2,0,0,3,2,0,38,20,450,2.6121,31323,81.1431,hard
285,"(7, 1, 3, 8, 4, 5, 0, 6, 2)",12,7,0,2,6,2,0,0,3,2,0,32,16,118,0.6845,6987,14.4577,medium
286,"(7, 1, 0, 8, 3, 5, 6, 2, 4)",16,8,0,3,2,0,2,0,3,2,0,36,20,174,0.9961,36786,88.3031,hard
287,"(1, 7, 5, 4, 0, 2, 8, 3, 6)",12,6,0,3,4,1,1,1,3,4,0,24,16,172,0.9825,7865,17.1483,medium
288,"(8, 0, 3, 1, 2, 4, 7, 6, 5)",11,6,0,2,1,0,1,0,3,3,0,21,15,90,0.5248,4647,17.7813,medium
289,"(4, 1, 2, 5, 8, 0, 7, 6, 3)",9,7,0,3,5,1,2,0,2,3,0,15,9,10,0.0563,275,0.5617,easy
290,"(0, 6, 2, 3, 5, 8, 1, 4, 7)",14,7,0,3,0,0,0,0,3,2,0,32,18,133,0.9096,16771,39.7027,medium
291,"(2, 5, 4, 1, 0, 3, 7, 8, 6)",8,6,0,3,4,1,1,1,3,4,0,22,10,22,0.1493,472,0.8674,easy
292,"(0, 3, 6, 1, 4, 8, 7, 2, 5)",10,7,0,2,0,0,0,0,2,2,0,20,10,15,0.0849,393,0.8044,easy
293,"(4, 1, 3, 0, 8, 5, 2, 7, 6)",9,7,0,3,3,1,0,0,3,3,0,17,9,14,0.083,277,0.469,easy
294,"(5, 1, 6, 4, 2, 0, 7, 3, 8)",9,6,0,3,5,1,2,0,3,3,0,27,15,116,0.6931,4146,9.1701,medium
295,"(6, 0, 2, 1, 4, 3, 7, 5, 8)",9,7,0,3,1,0,1,0,3,3,0,11,9,14,0.0908,195,0.34,easy
296,"(1, 2, 3, 7, 8, 4, 5, 6, 0)",8,5,0,1,8,2,2,0,2,2,0,18,10,23,0.1466,325,3.3047,easy
297,"(0, 1, 6, 4, 3, 8, 7, 2, 5)",10,6,0,2,0,0,0,0,2,2,0,16,10,15,0.0851,346,0.576,easy
298,"(7, 0, 6, 1, 3, 4, 2, 8, 5)",13,7,0,4,1,0,1,0,3,3,0,39,23,1659,10.2956,93643,230.7124,hard
299,"(5, 2, 0, 1, 6, 4, 7, 8, 3)",8,5,0,2,2,0,2,0,2,2,0,32,16,145,0.9286,5193,12.0952,medium
300,"(0, 2, 4, 1, 5, 3, 7, 8, 6)",6,4,0,2,0,0,0,0,3,2,0,16,10,26,0.1493,277,0.5057,easy
301,"(4, 1, 2, 7, 5, 3, 8, 0, 6)",7,7,0,4,7,2,1,0,1,3,0,11,7,8,0.0417,68,0.1411,trivial
302,"(2, 5, 3, 1, 7, 0, 4, 8, 6)",7,6,0,3,5,1,2,0,2,3,0,21,9,16,0.1025,287,0.5455,easy
303,"(7, 4, 2, 0, 1, 3, 8, 5, 6)",11,8,0,4,3,1,0,0,2,3,0,21,11,22,0.1223,696,1.271,easy
304,"(2, 3, 0, 1, 5, 6, 4, 7, 8)",6,6,0,3,2,0,2,0,1,2,0,10,6,7,0.037,35,0.0648,trivial
305,"(1, 0, 2, 5, 7, 3, 4, 8, 6)",7,6,0,3,1,0,1,0,2,3,0,17,9,17,0.1085,240,0.452,easy
306,"(1, 2, 3, 5, 8, 0, 4, 6, 7)",7,5,0,2,5,1,2,0,2,3,0,17,9,20,0.1433,230,0.4244,easy
307,"(6, 2, 4, 1, 0, 3, 7, 8, 5)",10,5,0,3,4,1,1,1,3,4,0,38,20,808,5.0168,43115,106.0429,hard
308,"(3, 6, 8, 0, 1, 2, 4, 7, 5)",15,8,0,4,3,1,0,0,3,3,0,29,15,41,0.2277,3426,7.1816,medium
309,"(1, 0, 3, 7, 2, 8, 5, 6, 4)",11,6,0,2,1,0,1,0,3,3,0,21,11,22,0.1521,761,1.375,easy
310,"(0, 4, 2, 5, 1, 3, 7, 8, 6)",8,6,0,2,0,0,0,0,2,2,0,12,8,12,0.0668,101,0.1714,trivial
311,"(4, 1, 3, 0, 7, 5, 8, 2, 6)",9,7,0,3,3,1,0,0,2,3,0,19,9,14,0.0999,227,0.4032,easy
312,"(2, 3, 5, 1, 4, 6, 7, 0, 8)",7,6,0,3,7,2,1,0,2,3,0,15,9,12,0.0682,235,0.5031,easy
313,"(2, 0, 5, 1, 6, 3, 4, 7, 8)",9,8,0,4,1,0,1,0,2,3,0,11,9,15,0.1163,225,0.3905,easy
314,"(8, 1, 3, 0, 2, 5, 4, 7, 6)",9,7,0,3,3,1,0,0,3,3,0,15,9,14,0.0925,250,0.4346,easy
315,"(1, 3, 6, 0, 5, 2, 4, 7, 8)",7,6,0,3,3,1,0,0,2,3,0,15,9,22,0.1311,189,0.3176,easy
316,"(4, 1, 5, 7, 3, 2, 0, 8, 6)",10,7,0,3,6,2,0,0,2,2,0,22,10,18,0.0992,397,0.6785,easy
317,"(7, 4, 1, 0, 6, 2, 5, 8, 3)",13,7,0,4,3,1,0,0,2,3,0,25,15,42,0.2663,4459,9.4116,medium
318,"(5, 4, 1, 2, 3, 0, 8, 7, 6)",13,8,0,4,5,1,2,0,2,3,0,33,21,1064,6.3708,42851,97.9178,hard
319,"(1, 3, 5, 8, 7, 4, 6, 0, 2)",15,7,0,3,7,2,1,0,3,3,0,29,15,38,0.2663,3430,7.0398,medium
320,"(1, 2, 3, 7, 4, 5, 8, 6, 0)",6,5,0,1,8,2,2,0,2,2,0,8,6,7,0.0417,32,0.0634,trivial
321,"(1, 0, 2, 4, 5, 8, 7, 6, 3)",7,4,0,2,1,0,1,0,2,3,0,17,9,16,0.0927,275,0.526,easy
322,"(5, 4, 2, 1, 8, 0, 7, 6, 3)",11,7,0,3,5,1,2,0,2,3,0,15,11,15,0.0868,759,1.4296,easy
323,"(1, 2, 3, 8, 4, 7, 0, 5, 6)",8,5,0,1,6,2,0,0,3,2,0,18,14,108,0.6104,2141,4.4045,easy
324,"(1, 0, 5, 4, 8, 2, 7, 6, 3)",9,5,0,2,1,0,1,0,2,3,0,21,9,10,0.0587,243,0.4067,easy
325,"(1, 2, 3, 7, 6, 0, 8, 5, 4)",7,5,0,2,5,1,2,0,3,3,0,17,11,42,0.2518,627,1.0438,easy
326,"(6, 5, 3, 0, 7, 8, 2, 1, 4)",17,7,0,3,3,1,0,0,3,3,0,41,21,523,2.9464,52431,122.3135,hard
327,"(1, 2, 0, 4, 8, 3, 5, 7, 6)",6,5,0,2,2,0,2,0,2,2,0,14,12,65,0.3576,764,1.4453,easy
328,"(4, 1, 2, 7, 3, 6, 8, 5, 0)",8,7,0,3,8,2,2,0,2,2,0,20,10,18,0.109,386,0.731,easy
329,"(3, 8, 2, 1, 4, 0, 7, 6, 5)",11,7,0,3,5,1,2,0,2,3,0,19,15,84,0.581,4335,9.1131,medium
330,"(2, 7, 3, 4, 5, 1, 8, 0, 6)",9,5,0,3,7,2,1,0,3,3,0,29,17,241,1.425,12077,33.9067,medium
331,"(5, 2, 0, 1, 4, 3, 7, 8, 6)",6,5,0,2,2,0,2,0,2,2,0,12,8,13,0.0875,94,0.1731,trivial
332,"(3, 8, 0, 1, 6, 2, 4, 7, 5)",12,8,0,3,2,0,2,0,2,2,0,30,16,120,0.7923,4805,10.4101,medium
333,"(1, 3, 6, 4, 8, 0, 7, 2, 5)",7,5,0,2,5,1,2,0,2,3,0,19,9,23,0.1469,237,0.4461,easy
334,"(4, 1, 0, 7, 5, 6, 2, 8, 3)",8,5,0,3,2,0,2,0,3,2,0,32,20,609,3.6047,36054,87.6164,hard
335,"(1, 7, 5, 3, 2, 4, 8, 0, 6)",13,7,0,3,7,2,1,0,3,3,0,37,21,554,3.1979,52387,127.6681,hard
336,"(1, 8, 2, 0, 4, 3, 7, 6, 5)",9,6,0,2,3,1,0,0,2,3,0,17,9,12,0.0741,218,0.4675,easy
337,"(1, 2, 3, 0, 5, 8, 4, 6, 7)",7,4,0,2,3,1,0,0,2,3,0,21,9,16,0.093,230,0.4187,easy
338,"(1, 0, 2, 7, 6, 3, 5, 4, 8)",9,7,0,3,1,0,1,0,2,3,0,17,9,11,0.0691,229,0.4117,easy
339,"(2, 0, 3, 8, 4, 5, 1, 7, 6)",9,7,0,3,1,0,1,0,2,3,0,19,11,24,0.1402,682,1.3838,easy
340,"(8, 1, 3, 0, 2, 4, 6, 7, 5)",13,7,0,3,3,1,0,0,3,3,0,21,15,59,0.3421,4655,10.3393,medium
341,"(1, 2, 3, 5, 6, 8, 4, 7, 0)",6,5,0,1,8,2,2,0,2,2,0,12,6,7,0.0403,43,0.0796,trivial
342,"(1, 2, 3, 5, 7, 0, 4, 8, 6)",5,4,0,2,5,1,2,0,2,3,0,9,7,12,0.0746,100,0.1831,trivial
343,"(1, 3, 5, 4, 2, 6, 7, 0, 8)",5,4,0,2,7,2,1,0,2,3,0,11,7,10,0.0589,80,0.1369,trivial
344,"(8, 5, 2, 3, 7, 1, 0, 4, 6)",16,8,0,3,6,2,0,0,3,2,0,42,20,298,1.754,30665,72.7649,hard
345,"(1, 5, 2, 4, 8, 3, 0, 7, 6)",6,6,0,2,6,2,0,0,1,2,0,10,6,7,0.0708,41,0.0935,trivial
346,"(2, 4, 3, 0, 1, 6, 7, 5, 8)",7,5,0,2,3,1,0,0,2,3,0,9,7,10,0.0625,72,0.1295,trivial
347,"(4, 1, 3, 2, 0, 5, 7, 8, 6)",6,5,0,2,4,1,1,1,2,4,0,8,6,9,0.0556,40,0.0737,trivial
348,"(4, 1, 2, 7, 0, 3, 8, 5, 6)",8,8,0,4,4,1,1,1,1,4,0,10,8,9,0.0503,189,0.3626,trivial
349,"(2, 4, 3, 1, 0, 6, 7, 5, 8)",6,5,0,2,4,1,1,1,2,4,0,10,6,9,0.0589,56,0.1075,trivial
350,"(2, 3, 6, 8, 7, 5, 0, 1, 4)",14,8,0,3,6,2,0,0,3,2,0,22,18,238,1.4384,13341,28.1847,medium
351,"(1, 3, 5, 6, 8, 2, 4, 7, 0)",10,7,0,2,8,2,2,0,2,2,0,32,16,140,0.8147,6269,12.6548,medium
352,"(7, 4, 6, 5, 2, 0, 1, 8, 3)",11,7,0,4,5,1,2,0,2,3,0,37,23,1898,17.5977,94103,246.8836,hard
353,"(4, 1, 2, 5, 8, 3, 7, 0, 6)",7,7,0,3,7,2,1,0,1,3,0,9,7,8,0.0556,82,0.1535,trivial
354,"(8, 7, 2, 1, 0, 3, 5, 6, 4)",16,8,0,4,4,1,1,1,3,4,0,32,18,141,0.8571,18559,42.7523,medium
355,"(4, 2, 5, 3, 1, 6, 8, 7, 0)",10,6,0,3,8,2,2,0,3,2,0,38,20,612,3.7012,37062,91.0616,hard
356,"(2, 3, 0, 1, 5, 8, 7, 4, 6)",8,6,0,2,2,0,2,0,2,2,0,32,16,228,1.3342,6822,14.5388,medium
357,"(4, 2, 1, 0, 3, 6, 7, 5, 8)",7,5,0,3,3,1,0,0,2,3,0,25,15,139,0.8152,3872,8.23,medium
358,"(4, 3, 0, 2, 1, 6, 7, 5, 8)",8,6,0,2,2,0,2,0,2,2,0,12,8,11,0.066,103,0.2337,trivial
359,"(6, 4, 2, 7, 3, 8, 5, 1, 0)",16,8,0,3,8,2,2,0,3,2,0,32,16,37,0.2291,6706,15.2986,medium
360,"(1, 2, 4, 8, 3, 5, 7, 6, 0)",10,5,0,1,8,2,2,0,3,2,0,22,16,141,0.8659,6147,13.1698,medium
361,"(2, 8, 4, 7, 1, 3, 6, 0, 5)",15,8,0,4,7,2,1,0,3,3,0,31,15,23,0.1302,3602,7.2644,medium
362,"(0, 4, 1, 7, 3, 6, 5, 8, 2)",12,6,0,3,0,0,0,0,3,2,0,28,16,68,0.3738,5143,10.8528,medium
363,"(0, 2, 3, 1, 8, 5, 4, 7, 6)",6,6,0,2,0,0,0,0,1,2,0,6,6,7,0.0412,50,0.0904,trivial
364,"(1, 5, 2, 7, 0, 3, 8, 4, 6)",8,7,0,3,4,1,1,1,2,4,0,12,8,13,0.0758,187,0.3629,trivial
365,"(4, 1, 2, 0, 8, 6, 5, 3, 7)",11,7,0,4,3,1,0,0,3,3,0,29,15,88,0.5758,4188,10.4814,medium
366,"(2, 6, 0, 1, 7, 5, 3, 4, 8)",14,8,0,3,2,0,2,0,4,2,0,22,18,154,0.9751,12707,28.5077,medium
367,"(2, 3, 6, 4, 7, 0, 1, 5, 8)",9,7,0,4,5,1,2,0,2,3,0,31,15,125,0.7622,4990,11.3235,medium
368,"(0, 4, 5, 7, 2, 1, 8, 6, 3)",14,8,0,3,0,0,0,0,3,2,0,28,16,92,0.5164,4953,10.8984,medium
369,"(7, 6, 0, 8, 4, 5, 3, 1, 2)",18,8,0,3,2,0,2,0,4,2,0,48,24,871,5.2176,107319,277.1113,very_hard
370,"(4, 6, 2, 7, 0, 1, 5, 3, 8)",14,8,0,4,4,1,1,1,3,4,0,26,16,94,0.5465,7240,15.1134,medium
371,"(7, 6, 2, 1, 5, 8, 0, 3, 4)",14,7,0,3,6,2,0,0,3,2,0,42,24,1449,18.4343,103360,243.7012,very_hard
372,"(8, 5, 2, 1, 0, 4, 7, 6, 3)",12,7,0,3,4,1,1,1,3,4,0,30,16,107,0.6108,6981,15.0993,medium
373,"(0, 5, 1, 7, 3, 6, 4, 2, 8)",10,7,0,3,0,0,0,0,2,2,0,36,22,1359,8.0571,63978,157.0101,hard
374,"(6, 4, 2, 0, 3, 8, 1, 7, 5)",15,8,0,4,3,1,0,0,3,3,0,19,15,37,0.2224,4801,10.3889,medium
375,"(3, 6, 0, 8, 5, 1, 4, 7, 2)",14,7,0,3,2,0,2,0,3,2,0,46,24,2084,12.8114,103805,258.6205,very_hard
376,"(1, 2, 7, 0, 4, 3, 6, 5, 8)",11,6,0,3,3,1,0,0,4,3,0,31,19,310,1.9343,27554,69.8919,medium
377,"(7, 1, 3, 8, 0, 6, 4, 5, 2)",10,6,0,3,4,1,1,1,3,4,0,32,16,157,0.9058,8991,19.83,medium
378,"(1, 7, 6, 4, 2, 3, 8, 0, 5)",9,6,0,3,7,2,1,0,3,3,0,39,21,1236,7.4918,49812,129.8463,hard
379,"(1, 2, 6, 3, 5, 8, 4, 0, 7)",9,5,0,3,7,2,1,0,3,3,0,27,15,132,0.8821,3901,8.8162,medium
380,"(4, 6, 3, 1, 8, 5, 7, 0, 2)",9,6,0,2,7,2,1,0,3,3,0,41,21,1336,8.224,47919,116.3368,hard
381,"(2, 8, 0, 1, 3, 5, 4, 6, 7)",12,8,0,3,2,0,2,0,2,2,0,26,16,96,0.6778,5566,23.505,medium
382,"(2, 7, 5, 4, 1, 3, 8, 0, 6)",11,7,0,4,7,2,1,0,3,3,0,27,15,78,0.4997,3604,7.802,medium
383,"(3, 2, 6, 4, 0, 8, 7, 1, 5)",10,5,0,3,4,1,1,1,3,4,0,24,16,165,0.9894,7913,16.8688,medium
384,"(1, 4, 2, 0, 6, 8, 3, 7, 5)",13,7,0,3,3,1,0,0,4,3,0,41,21,756,4.549,52524,138.1667,hard
385,"(3, 5, 6, 2, 4, 8, 0, 1, 7)",14,8,0,3,6,2,0,0,3,2,0,32,16,57,0.3059,5901,12.7194,medium
386,"(2, 3, 5, 8, 7, 0, 1, 6, 4)",15,8,0,4,5,1,2,0,3,3,0,31,15,25,0.1404,4996,10.9525,medium
387,"(1, 6, 2, 8, 7, 5, 4, 3, 0)",12,7,0,2,8,2,2,0,3,2,0,28,16,118,0.6905,5493,12.0568,medium
388,"(4, 8, 0, 7, 3, 1, 5, 6, 2)",16,8,0,3,2,0,2,0,3,2,0,30,18,130,0.8178,13817,30.4103,medium
389,"(3, 1, 6, 2, 7, 0, 4, 8, 5)",11,7,0,4,5,1,2,0,2,3,0,31,15,98,0.628,5077,11.9448,medium
390,"(1, 0, 2, 5, 4, 7, 8, 6, 3)",11,7,0,3,1,0,1,0,3,3,0,31,17,195,1.0715,11801,32.8436,medium
391,"(1, 3, 5, 4, 0, 2, 6, 7, 8)",10,6,0,3,4,1,1,1,3,4,0,24,18,398,2.2986,17162,36.2415,medium
392,"(2, 5, 3, 1, 6, 0, 8, 4, 7)",9,7,0,3,5,1,2,0,2,3,0,31,15,130,0.7591,3799,13.9449,medium
393,"(3, 8, 0, 5, 1, 2, 4, 7, 6)",12,8,0,3,2,0,2,0,2,2,0,30,18,235,1.4122,12158,25.6243,medium
394,"(1, 7, 8, 2, 5, 3, 4, 0, 6)",11,6,0,3,7,2,1,0,3,3,0,39,21,860,7.8175,57186,150.4493,hard
395,"(6, 3, 1, 5, 7, 4, 0, 2, 8)",14,8,0,3,6,2,0,0,3,2,0,54,24,1595,10.1104,103973,251.4894,very_hard
396,"(3, 6, 2, 4, 0, 8, 1, 7, 5)",12,7,0,4,4,1,1,1,2,4,0,32,16,121,0.7021,6605,14.5848,medium
397,"(6, 5, 1, 2, 7, 8, 4, 0, 3)",15,8,0,4,7,2,1,0,3,3,0,55,25,3678,25.0301,138191,348.3777,very_hard
398,"(5, 7, 3, 2, 1, 6, 8, 4, 0)",12,6,0,2,8,2,2,0,3,2,0,34,20,469,2.8596,36454,93.7631,hard
399,"(8, 1, 3, 7, 4, 5, 2, 0, 6)",11,7,0,3,7,2,1,0,3,3,0,29,15,75,0.4187,3621,7.885,medium
400,"(2, 8, 5, 4, 1, 3, 0, 6, 7)",12,7,0,3,6,2,0,0,2,2,0,26,16,64,0.3681,6591,13.8187,medium
401,"(7, 1, 6, 3, 2, 4, 0, 8, 5)",12,7,0,3,6,2,0,0,3,2,0,36,22,950,5.9507,55216,136.5671,hard
402,"(8, 2, 3, 0, 1, 4, 7, 6, 5)",11,5,0,2,3,1,0,0,3,3,0,25,15,93,0.5333,3398,7.23,medium
403,"(2, 8, 5, 4, 3, 6, 0, 1, 7)",12,6,0,3,6,2,0,0,3,2,0,38,20,469,3.0041,37723,95.7618,hard
404,"(2, 6, 0, 8, 3, 5, 1, 7, 4)",14,8,0,3,2,0,2,0,3,2,0,30,18,173,0.9592,13313,39.3844,medium
405,"(2, 5, 0, 3, 1, 8, 4, 6, 7)",14,8,0,3,2,0,2,0,3,2,0,36,20,352,2.0487,28293,73.046,hard
406,"(4, 7, 2, 6, 1, 3, 0, 5, 8)",12,8,0,3,6,2,0,0,3,2,0,42,20,597,4.3559,32015,78.1641,hard
407,"(2, 7, 3, 4, 6, 0, 1, 5, 8)",9,6,0,3,5,1,2,0,3,3,0,21,15,115,0.6807,3668,8.0259,medium
408,"(4, 5, 0, 1, 6, 3, 7, 2, 8)",8,7,0,2,2,0,2,0,2,2,0,26,16,208,1.3938,6213,12.7361,medium
409,"(4, 5, 2, 3, 8, 1, 7, 6, 0)",12,7,0,2,8,2,2,0,3,2,0,30,16,107,0.6261,5605,21.0402,medium
410,"(0, 7, 6, 1, 5, 3, 4, 2, 8)",10,7,0,3,0,0,0,0,3,2,0,42,20,679,4.1778,33594,77.7462,hard
411,"(6, 1, 2, 8, 3, 0, 4, 7, 5)",13,8,0,4,5,1,2,0,3,3,0,29,15,55,0.3188,3381,7.8175,medium
412,"(3, 6, 8, 2, 4, 5, 1, 7, 0)",14,8,0,3,8,2,2,0,3,2,0,26,16,24,0.1578,7003,15.7006,medium
413,"(8, 0, 3, 2, 5, 6, 1, 4, 7)",11,5,0,3,1,0,1,0,3,3,0,31,15,69,0.4184,3718,8.1284,medium
414,"(1, 3, 8, 2, 4, 0, 7, 5, 6)",9,6,0,2,5,1,2,0,3,3,0,27,19,635,4.4589,21230,67.6012,medium
415,"(6, 0, 8, 3, 1, 2, 4, 7, 5)",17,8,0,4,1,0,1,0,3,3,0,27,17,79,0.484,8509,17.5104,medium
416,"(2, 5, 7, 6, 0, 3, 8, 1, 4)",16,8,0,4,4,1,1,1,4,4,0,46,24,1657,9.8588,113287,285.2557,very_hard
417,"(1, 3, 7, 4, 0, 2, 8, 5, 6)",10,6,0,3,4,1,1,1,4,4,0,26,16,174,1.0443,7211,16.2561,medium
418,"(2, 0, 3, 8, 7, 5, 4, 1, 6)",11,7,0,3,1,0,1,0,3,3,0,31,15,81,0.4995,4933,17.4611,medium
419,"(2, 1, 4, 7, 6, 3, 8, 5, 0)",10,8,0,3,8,2,2,0,3,2,0,28,16,108,0.6864,6027,12.4531,medium
420,"(1, 2, 8, 7, 4, 5, 6, 0, 3)",11,6,0,3,7,2,1,0,3,3,0,29,15,68,0.4485,3415,6.5591,medium
421,"(2, 7, 0, 5, 3, 8, 1, 6, 4)",16,8,0,3,2,0,2,0,3,2,0,44,24,1472,8.8809,105014,253.6604,very_hard
422,"(4, 6, 1, 5, 7, 3, 2, 0, 8)",13,8,0,4,7,2,1,0,3,3,0,27,15,58,0.3707,3573,7.6189,medium
423,"(3, 6, 2, 4, 1, 5, 7, 0, 8)",9,6,0,3,7,2,1,0,2,3,0,31,17,263,1.6279,8462,24.9944,medium
424,"(6, 2, 5, 0, 7, 1, 3, 4, 8)",17,7,0,4,3,1,0,0,4,3,0,33,21,440,2.6591,56542,133.4381,hard
425,"(0, 4, 1, 7, 8, 2, 6, 5, 3)",14,8,0,3,0,0,0,0,3,2,0,28,16,34,0.2077,5139,11.6556,medium
426,"(2, 3, 5, 4, 8, 6, 7, 1, 0)",8,5,0,2,8,2,2,0,3,2,0,24,16,154,0.9315,6676,15.0082,medium
427,"(3, 8, 6, 5, 4, 0, 7, 2, 1)",13,7,0,3,5,1,2,0,4,3,0,45,27,7139,61.4545,165686,415.6358,very_hard
428,"(1, 0, 5, 7, 8, 3, 6, 2, 4)",13,7,0,3,1,0,1,0,3,3,0,29,19,300,9.6345,28257,62.0401,medium
429,"(1, 2, 6, 5, 7, 4, 0, 3, 8)",10,6,0,2,6,2,0,0,3,2,0,28,16,108,0.6385,6707,13.8407,medium
430,"(4, 1, 6, 7, 8, 3, 5, 0, 2)",11,8,0,4,7,2,1,0,3,3,0,19,15,92,0.5288,4820,9.6276,medium
431,"(6, 1, 2, 4, 0, 3, 5, 7, 8)",10,7,0,4,4,1,1,1,3,4,0,30,18,436,2.7912,14975,41.5361,medium
432,"(3, 8, 2, 1, 0, 7, 6, 4, 5)",16,8,0,4,4,1,1,1,3,4,0,28,20,368,2.157,36373,93.1201,hard
433,"(6, 2, 4, 3, 0, 8, 7, 1, 5)",16,6,0,3,4,1,1,1,3,4,0,40,20,290,1.8775,40357,95.0699,hard
434,"(1, 6, 5, 8, 4, 2, 0, 7, 3)",12,7,0,2,6,2,0,0,2,2,0,36,20,672,4.0233,34755,92.0467,hard
435,"(6, 3, 5, 2, 0, 8, 4, 7, 1)",16,8,0,4,4,1,1,1,4,4,0,42,22,1125,8.2006,76126,209.0805,hard
436,"(8, 0, 5, 4, 7, 6, 3, 2, 1)",17,6,0,4,1,0,1,0,4,3,0,47,27,4066,29.8383,163972,441.6683,very_hard
437,"(0, 1, 2, 4, 7, 8, 6, 5, 3)",12,7,0,3,0,0,0,0,3,2,0,30,16,85,0.8638,6288,15.4729,medium
438,"(4, 8, 5, 0, 3, 1, 2, 6, 7)",17,8,0,4,3,1,0,0,3,3,0,55,25,2090,13.0398,132310,344.9674,very_hard
439,"(5, 0, 6, 1, 2, 4, 7, 3, 8)",11,7,0,3,1,0,1,0,3,3,0,29,15,84,0.4611,4660,10.4237,medium
440,"(2, 6, 0, 1, 3, 8, 5, 7, 4)",14,8,0,3,2,0,2,0,3,2,0,22,16,114,0.6473,6034,12.0962,medium
441,"(1, 3, 4, 0, 7, 5, 8, 2, 6)",11,7,0,3,3,1,0,0,3,3,0,19,15,92,0.5953,4298,9.3215,medium
442,"(2, 3, 8, 6, 4, 5, 1, 7, 0)",12,8,0,3,8,2,2,0,3,2,0,32,16,46,0.2606,7096,15.0819,medium
443,"(0, 4, 2, 8, 3, 1, 6, 7, 5)",16,8,0,3,0,0,0,0,3,2,0,38,20,374,2.9516,28055,78.5155,hard
444,"(7, 2, 0, 5, 1, 4, 8, 6, 3)",12,7,0,3,2,0,2,0,2,2,0,30,16,69,0.3824,5338,11.4672,medium
445,"(2, 3, 6, 7, 4, 8, 5, 0, 1)",13,8,0,4,7,2,1,0,4,3,0,23,15,80,0.6163,4100,8.0285,medium
446,"(5, 0, 3, 2, 4, 7, 8, 1, 6)",13,7,0,3,1,0,1,0,3,3,0,31,17,137,0.8099,8997,30.683,medium
447,"(4, 5, 8, 2, 3, 6, 1, 7, 0)",12,7,0,3,8,2,2,0,3,2,0,28,18,160,0.9577,15865,34.7483,medium
448,"(1, 3, 8, 2, 6, 5, 7, 4, 0)",10,6,0,1,8,2,2,0,3,2,0,38,20,767,5.1973,30208,78.9511,hard
449,"(3, 4, 1, 0, 8, 6, 7, 2, 5)",11,6,0,3,3,1,0,0,2,3,0,31,17,119,0.7272,10735,33.3676,medium
450,"(7, 1, 2, 0, 6, 3, 4, 8, 5)",9,7,0,4,3,1,0,0,2,3,0,19,15,134,0.7372,4943,19.804,medium
451,"(0, 6, 5, 2, 3, 8, 1, 4, 7)",16,8,0,3,0,0,0,0,2,2,0,18,16,32,0.1712,6947,18.5032,medium
452,"(5, 8, 4, 1, 6, 2, 0, 7, 3)",14,8,0,3,6,2,0,0,3,2,0,26,16,29,0.1583,6069,13.0067,medium
453,"(8, 4, 2, 5, 1, 7, 0, 6, 3)",16,8,0,3,6,2,0,0,3,2,0,32,18,76,0.5407,17117,42.4414,medium
454,"(3, 5, 6, 1, 4, 8, 7, 0, 2)",11,7,0,3,7,2,1,0,3,3,0,19,15,82,0.4933,4222,9.6691,medium
455,"(4, 2, 5, 6, 0, 3, 7, 1, 8)",10,6,0,3,4,1,1,1,3,4,0,18,16,178,1.0204,6135,13.7026,medium
456,"(0, 6, 8, 4, 3, 1, 2, 5, 7)",16,7,0,3,0,0,0,0,3,2,0,46,24,1265,7.4594,103656,268.2579,very_hard
457,"(0, 2, 4, 6, 8, 3, 1, 7, 5)",12,7,0,3,0,0,0,0,3,2,0,30,16,53,0.3126,4839,11.4739,medium
458,"(7, 3, 4, 1, 2, 0, 8, 5, 6)",11,8,0,4,5,1,2,0,3,3,0,27,17,179,1.0948,9666,21.4043,medium
459,"(3, 6, 4, 2, 0, 5, 1, 7, 8)",14,8,0,4,4,1,1,1,3,4,0,20,16,99,0.6304,7057,19.0167,medium
460,"(5, 8, 0, 4, 3, 2, 7, 1, 6)",12,6,0,2,2,0,2,0,3,2,0,30,16,89,0.5102,6638,14.4622,medium
461,"(4, 1, 8, 0, 2, 5, 7, 6, 3)",11,7,0,3,3,1,0,0,3,3,0,19,15,73,0.458,4396,10.0753,medium
462,"(5, 6, 2, 8, 1, 7, 4, 0, 3)",15,8,0,4,7,2,1,0,3,3,0,37,21,582,3.6035,44422,105.4893,hard
463,"(8, 7, 3, 1, 2, 6, 5, 4, 0)",12,6,0,2,8,2,2,0,3,2,0,42,22,1027,6.4385,57299,154.1765,hard
464,"(4, 7, 3, 8, 0, 5, 2, 6, 1)",16,7,0,3,4,1,1,1,4,4,0,36,20,330,2.0263,41873,109.1273,hard
465,"(2, 8, 1, 0, 7, 3, 4, 6, 5)",13,8,0,4,3,1,0,0,2,3,0,31,17,154,0.9425,11036,24.7612,medium
466,"(5, 3, 6, 2, 7, 4, 8, 1, 0)",14,8,0,3,8,2,2,0,3,2,0,52,24,2324,23.6368,96762,252.1892,very_hard
467,"(8, 2, 3, 1, 6, 0, 4, 7, 5)",9,6,0,3,5,1,2,0,3,3,0,29,15,120,0.7904,4497,11.9984,medium
468,"(6, 0, 5, 3, 1, 2, 7, 4, 8)",15,7,0,3,1,0,1,0,3,3,0,41,21,973,6.4561,44483,113.2526,hard
469,"(4, 0, 1, 8, 3, 2, 6, 5, 7)",15,8,0,4,1,0,1,0,3,3,0,35,21,706,4.1964,47532,123.6889,hard
470,"(7, 1, 2, 4, 0, 3, 6, 5, 8)",10,7,0,4,4,1,1,1,3,4,0,24,16,170,1.0166,6178,13.5722,medium
471,"(1, 6, 8, 2, 3, 5, 4, 0, 7)",13,7,0,3,7,2,1,0,3,3,0,25,15,43,0.2604,4275,8.7337,medium
472,"(3, 8, 4, 5, 2, 6, 1, 0, 7)",13,7,0,4,7,2,1,0,3,3,0,33,21,433,2.6309,49098,120.1696,hard
473,"(8, 3, 1, 7, 4, 0, 2, 5, 6)",13,8,0,4,5,1,2,0,3,3,0,51,25,3661,24.3995,138214,366.6863,very_hard
474,"(0, 6, 5, 1, 8, 4, 7, 3, 2)",14,7,0,2,0,0,0,0,3,2,0,34,22,996,6.5134,58890,144.237,hard
475,"(4, 1, 5, 7, 2, 3, 6, 8, 0)",10,7,0,3,8,2,2,0,3,2,0,20,16,122,0.7334,6780,16.5856,medium
476,"(8, 1, 2, 5, 6, 7, 0, 4, 3)",14,8,0,3,6,2,0,0,3,2,0,24,18,126,0.7873,13204,27.7021,medium
477,"(3, 8, 5, 0, 2, 6, 1, 4, 7)",13,7,0,4,3,1,0,0,2,3,0,29,17,100,0.613,9526,19.6502,medium
478,"(1, 3, 4, 8, 2, 6, 7, 0, 5)",9,5,0,2,7,2,1,0,3,3,0,31,17,234,2.064,10652,21.028,medium
479,"(1, 4, 3, 7, 6, 2, 5, 8, 0)",8,5,0,1,8,2,2,0,2,2,0,30,16,196,1.1215,6614,12.8815,medium
480,"(6, 2, 3, 4, 1, 5, 7, 8, 0)",6,3,0,1,8,2,2,0,3,2,0,26,18,367,2.1758,11787,23.1829,medium
481,"(7, 1, 5, 8, 3, 2, 4, 0, 6)",13,8,0,4,7,2,1,0,2,3,0,29,15,56,0.3321,3725,7.6177,medium
482,"(5, 2, 0, 1, 3, 6, 7, 8, 4)",8,4,0,2,2,0,2,0,3,2,0,22,16,160,0.9902,5125,10.7694,medium
483,"(1, 7, 2, 8, 0, 3, 6, 5, 4)",14,7,0,3,4,1,1,1,3,4,0,24,16,83,0.5305,8314,29.1367,medium
484,"(1, 2, 8, 3, 0, 5, 4, 6, 7)",12,6,0,3,4,1,1,1,3,4,0,32,18,255,1.4889,15210,32.6097,medium
485,"(0, 1, 3, 6, 5, 8, 2, 7, 4)",12,6,0,2,0,0,0,0,3,2,0,38,20,492,3.1774,36967,91.2621,hard
486,"(2, 5, 3, 0, 1, 6, 7, 8, 4)",7,4,0,2,3,1,0,0,3,3,0,31,15,150,0.8929,3809,8.5711,medium
487,"(1, 7, 3, 0, 8, 6, 5, 4, 2)",11,5,0,2,3,1,0,0,3,3,0,23,17,180,1.7178,12634,27.5335,medium
488,"(3, 8, 4, 2, 1, 5, 0, 7, 6)",14,8,0,3,6,2,0,0,3,2,0,38,20,333,2.0607,28514,69.4437,hard
489,"(3, 6, 8, 4, 0, 5, 2, 1, 7)",16,7,0,4,4,1,1,1,3,4,0,32,20,297,10.7679,35092,77.8949,hard
490,"(5, 0, 8, 1, 6, 3, 2, 4, 7)",15,8,0,4,1,0,1,0,3,3,0,39,21,698,4.5619,54214,141.4592,hard
491,"(5, 4, 0, 8, 1, 2, 7, 3, 6)",14,7,0,2,2,0,2,0,3,2,0,42,24,3210,28.8796,97940,242.0096,very_hard
492,"(6, 4, 2, 1, 0, 8, 3, 5, 7)",16,8,0,4,4,1,1,1,4,4,0,42,20,237,1.39,40160,95.9334,hard
493,"(2, 5, 4, 6, 7, 8, 0, 1, 3)",16,8,0,3,6,2,0,0,3,2,0,38,20,184,1.0009,30379,74.7812,hard
494,"(5, 3, 8, 2, 4, 1, 7, 6, 0)",14,7,0,2,8,2,2,0,3,2,0,30,20,428,2.5067,36636,94.9173,hard
495,"(3, 1, 6, 7, 5, 4, 0, 8, 2)",10,6,0,3,6,2,0,0,3,2,0,40,24,2880,17.971,99034,251.1139,very_hard
496,"(1, 3, 7, 0, 2, 4, 8, 6, 5)",13,7,0,3,3,1,0,0,4,3,0,35,21,693,4.4138,51301,127.7635,hard
497,"(2, 6, 1, 8, 4, 5, 7, 3, 0)",12,7,0,2,8,2,2,0,3,2,0,46,24,2839,19.8994,114887,286.9716,very_hard
498,"(8, 6, 5, 2, 4, 7, 0, 3, 1)",20,8,0,3,6,2,0,0,4,2,0,48,28,5468,38.8882,175651,497.7026,very_hard
499,"(4, 5, 1, 3, 0, 7, 8, 6, 2)",16,8,0,4,4,1,1,1,3,4,0,42,22,1035,6.3646,68736,176.9557,hard
500,"(3, 6, 7, 0, 2, 4, 1, 5, 8)",15,8,0,4,3,1,0,0,4,3,0,37,21,423,2.4173,43143,107.3048,hard
501,"(7, 4, 8, 6, 3, 5, 1, 2, 0)",16,8,0,3,8,2,2,0,3,2,0,50,24,1027,6.2931,101366,242.2619,very_hard
502,"(2, 6, 8, 1, 0, 7, 5, 4, 3)",16,8,0,4,4,1,1,1,3,4,0,42,22,1212,7.3323,73991,181.4327,hard
503,"(1, 5, 2, 8, 6, 3, 7, 4, 0)",8,6,0,1,8,2,2,0,2,2,0,36,20,833,5.1231,29546,62.8672,hard
504,"(4, 2, 0, 6, 7, 1, 8, 3, 5)",14,7,0,3,2,0,2,0,3,2,0,48,24,2341,14.4329,96889,230.0158,very_hard
505,"(3, 6, 8, 5, 4, 7, 1, 0, 2)",17,8,0,4,7,2,1,0,3,3,0,37,21,311,1.749,53031,134.1298,hard
506,"(0, 1, 4, 7, 8, 2, 3, 5, 6)",14,8,0,3,0,0,0,0,4,2,0,42,20,359,2.1381,36918,97.1777,hard
507,"(2, 0, 1, 7, 8, 3, 5, 4, 6)",11,8,0,4,1,0,1,0,2,3,0,33,21,1241,7.6327,47357,107.4421,hard
508,"(0, 3, 4, 7, 1, 8, 2, 6, 5)",16,8,0,3,0,0,0,0,3,2,0,40,24,1641,10.3962,100028,235.6095,very_hard
509,"(1, 5, 2, 8, 3, 4, 7, 6, 0)",10,6,0,1,8,2,2,0,2,2,0,34,20,794,4.8349,30332,75.6042,hard
510,"(1, 4, 0, 6, 3, 8, 7, 5, 2)",12,6,0,1,2,0,2,0,3,2,0,40,22,1133,7.3941,60244,150.084,hard
511,"(3, 0, 2, 5, 8, 7, 1, 4, 6)",13,8,0,4,1,0,1,0,3,3,0,39,21,635,3.8855,46987,120.1136,hard
512,"(3, 2, 7, 4, 0, 6, 1, 5, 8)",10,5,0,4,4,1,1,1,4,4,0,38,22,1201,7.3967,69227,172.1444,hard
513,"(5, 2, 0, 3, 7, 6, 1, 8, 4)",12,5,0,3,2,0,2,0,3,2,0,28,20,419,2.5301,29983,64.0075,hard
514,"(4, 3, 2, 6, 0, 7, 8, 1, 5)",14,8,0,4,4,1,1,1,3,4,0,44,26,7343,80.2469,151660,392.4496,very_hard
515,"(7, 5, 1, 0, 6, 4, 2, 8, 3)",13,7,0,4,3,1,0,0,3,3,0,41,21,475,2.929,56491,146.6377,hard
516,"(8, 3, 7, 2, 0, 1, 5, 4, 6)",18,8,0,4,4,1,1,1,4,4,0,42,20,193,1.0865,36560,91.1455,hard
517,"(0, 6, 2, 7, 4, 5, 8, 1, 3)",12,8,0,3,0,0,0,0,3,2,0,32,20,389,2.3615,31846,81.0061,hard
518,"(4, 6, 1, 7, 0, 5, 3, 8, 2)",14,7,0,4,4,1,1,1,4,4,0,36,20,316,1.9312,38317,135.6413,hard
519,"(7, 2, 6, 0, 1, 3, 5, 4, 8)",11,7,0,4,3,1,0,0,2,3,0,39,21,1280,8.0197,43076,106.2324,hard
520,"(1, 4, 7, 5, 8, 0, 6, 3, 2)",17,7,0,3,5,1,2,0,4,3,0,55,25,2168,14.2598,138419,390.6913,very_hard
521,"(1, 7, 3, 5, 8, 4, 0, 2, 6)",10,6,0,1,6,2,0,0,3,2,0,40,20,546,3.6175,31273,69.7052,hard
522,"(7, 6, 1, 3, 8, 0, 4, 2, 5)",15,8,0,4,5,1,2,0,3,3,0,47,25,3012,25.0812,127257,331.3813,very_hard
523,"(0, 1, 2, 7, 3, 8, 4, 6, 5)",12,8,0,3,0,0,0,0,2,2,0,32,20,726,4.425,27069,70.4682,hard
524,"(6, 7, 3, 5, 2, 8, 0, 1, 4)",16,7,0,2,6,2,0,0,3,2,0,36,22,695,4.4541,71815,196.1954,hard
525,"(5, 4, 8, 2, 6, 1, 0, 7, 3)",16,8,0,3,6,2,0,0,3,2,0,42,20,259,1.6377,29408,71.281,hard
526,"(8, 2, 7, 0, 1, 3, 6, 5, 4)",17,7,0,4,3,1,0,0,4,3,0,41,21,154,0.9382,51946,140.8615,hard
527,"(0, 4, 3, 7, 5, 6, 8, 2, 1)",10,5,0,2,0,0,0,0,4,2,0,34,20,532,3.0444,36642,92.7048,hard
528,"(4, 5, 2, 6, 0, 8, 1, 3, 7)",14,8,0,4,4,1,1,1,3,4,0,40,20,437,2.4581,43879,103.5769,hard
529,"(4, 7, 5, 8, 3, 2, 0, 1, 6)",16,8,0,3,6,2,0,0,3,2,0,36,20,355,1.9922,34537,86.8676,hard
530,"(0, 5, 7, 1, 8, 4, 2, 6, 3)",16,8,0,3,0,0,0,0,4,2,0,52,24,1232,7.6134,110084,295.8016,very_hard
531,"(2, 1, 4, 3, 6, 8, 0, 7, 5)",14,8,0,3,6,2,0,0,3,2,0,40,22,880,5.4343,56059,139.7078,hard
532,"(0, 6, 1, 3, 7, 2, 4, 8, 5)",14,7,0,3,0,0,0,0,3,2,0,52,24,2637,17.5607,100401,272.8634,very_hard
533,"(2, 5, 8, 6, 7, 0, 4, 3, 1)",17,8,0,4,5,1,2,0,4,3,0,47,25,2451,17.2455,126903,326.8933,very_hard
534,"(6, 2, 4, 1, 0, 3, 5, 7, 8)",12,7,0,4,4,1,1,1,3,4,0,36,20,682,4.2162,44302,122.1662,hard
535,"(3, 8, 0, 1, 4, 2, 5, 7, 6)",12,8,0,3,2,0,2,0,2,2,0,36,20,567,3.799,27759,71.8298,hard
536,"(7, 0, 2, 4, 8, 1, 6, 5, 3)",13,7,0,4,1,0,1,0,3,3,0,37,23,1506,9.1665,80278,191.4165,hard
537,"(4, 8, 2, 7, 3, 1, 6, 0, 5)",15,8,0,4,7,2,1,0,3,3,0,39,21,645,3.9835,42829,103.4839,hard
538,"(3, 7, 1, 5, 8, 2, 4, 0, 6)",13,8,0,4,7,2,1,0,3,3,0,41,21,750,4.3631,53431,129.0853,hard
539,"(0, 4, 5, 2, 6, 8, 3, 7, 1)",18,8,0,3,0,0,0,0,4,2,0,40,22,405,2.3043,69734,185.1079,hard
540,"(3, 8, 0, 6, 2, 1, 4, 7, 5)",14,8,0,3,2,0,2,0,3,2,0,34,20,296,1.6968,26969,59.1035,hard
541,"(8, 4, 5, 0, 2, 3, 7, 6, 1)",15,7,0,3,3,1,0,0,4,3,0,41,23,1488,18.6439,82432,195.1888,hard
542,"(1, 7, 4, 8, 0, 3, 2, 5, 6)",14,7,0,3,4,1,1,1,3,4,0,42,20,528,3.1862,43101,107.5406,hard
543,"(2, 5, 7, 0, 3, 6, 4, 1, 8)",13,7,0,4,3,1,0,0,4,3,0,39,21,686,4.0083,54101,134.8617,hard
544,"(7, 2, 6, 3, 0, 8, 1, 5, 4)",14,7,0,4,4,1,1,1,3,4,0,42,20,449,3.2802,33452,81.7645,hard
545,"(2, 1, 0, 4, 6, 8, 7, 5, 3)",8,6,0,2,2,0,2,0,2,2,0,30,20,703,4.1304,37740,106.4692,hard
546,"(7, 1, 8, 0, 6, 4, 5, 3, 2)",17,8,0,4,3,1,0,0,3,3,0,37,21,276,1.6248,54272,137.5842,hard
547,"(8, 4, 3, 7, 0, 1, 6, 2, 5)",16,7,0,3,4,1,1,1,3,4,0,38,20,349,2.1033,43359,110.7185,hard
548,"(0, 3, 5, 4, 7, 2, 1, 8, 6)",10,6,0,3,0,0,0,0,2,2,0,40,20,669,4.0984,30496,81.5325,hard
549,"(8, 7, 4, 5, 1, 6, 0, 3, 2)",18,7,0,3,6,2,0,0,3,2,0,52,26,2548,16.7964,152074,421.1669,very_hard
550,"(7, 8, 3, 2, 6, 4, 0, 5, 1)",14,7,0,2,6,2,0,0,4,2,0,50,24,1045,6.6745,98791,264.9708,very_hard
551,"(3, 1, 6, 0, 4, 7, 8, 2, 5)",13,8,0,4,3,1,0,0,3,3,0,41,21,793,4.9431,48726,117.974,hard
552,"(1, 4, 5, 8, 3, 0, 2, 7, 6)",13,7,0,3,5,1,2,0,3,3,0,41,21,1067,6.7976,49120,125.1655,hard
553,"(1, 8, 2, 4, 0, 5, 3, 6, 7)",12,6,0,3,4,1,1,1,4,4,0,40,20,485,2.784,42889,102.7584,hard
554,"(2, 4, 8, 3, 1, 5, 7, 6, 0)",14,7,0,2,8,2,2,0,3,2,0,38,20,394,2.1892,33033,71.9767,hard
555,"(8, 4, 5, 0, 1, 3, 2, 6, 7)",17,8,0,4,3,1,0,0,3,3,0,53,25,3403,21.3068,129978,341.198,very_hard
556,"(8, 1, 4, 2, 0, 3, 5, 7, 6)",14,8,0,4,4,1,1,1,3,4,0,40,20,643,3.7899,33497,80.2429,hard
557,"(2, 6, 8, 7, 4, 3, 0, 5, 1)",14,8,0,3,6,2,0,0,4,2,0,38,22,942,5.5068,61946,165.6909,hard
558,"(1, 0, 6, 8, 2, 7, 3, 4, 5)",15,7,0,3,1,0,1,0,4,3,0,37,21,696,4.3299,52616,133.3475,hard
559,"(3, 5, 1, 7, 0, 4, 6, 2, 8)",14,8,0,4,4,1,1,1,3,4,0,44,24,2096,14.4136,116347,298.1501,very_hard
560,"(4, 8, 5, 7, 0, 1, 3, 6, 2)",18,8,0,4,4,1,1,1,4,4,0,46,24,1698,11.1957,116926,318.8086,very_hard
561,"(7, 4, 5, 1, 0, 8, 6, 3, 2)",18,8,0,4,4,1,1,1,3,4,0,34,20,212,1.2057,33960,80.8697,hard
562,"(2, 7, 4, 8, 1, 6, 0, 3, 5)",16,7,0,3,6,2,0,0,3,2,0,40,24,1896,12.4717,110523,295.3615,very_hard
563,"(4, 2, 0, 8, 7, 3, 1, 5, 6)",10,7,0,3,2,0,2,0,2,2,0,42,20,735,4.6058,28853,71.4018,hard
564,"(8, 3, 2, 5, 4, 6, 1, 7, 0)",10,7,0,3,8,2,2,0,3,2,0,40,20,501,3.2265,32100,81.9869,hard
565,"(3, 8, 0, 4, 1, 6, 5, 7, 2)",12,6,0,3,2,0,2,0,3,2,0,52,24,2236,14.2639,104576,267.6811,very_hard
566,"(1, 5, 6, 7, 8, 2, 0, 3, 4)",12,7,0,2,6,2,0,0,3,2,0,38,22,1220,8.1949,57273,136.029,hard
567,"(7, 8, 4, 5, 0, 1, 2, 3, 6)",18,8,0,4,4,1,1,1,3,4,0,42,24,1421,9.1336,122998,358.7544,very_hard
568,"(6, 3, 7, 4, 1, 2, 0, 8, 5)",14,6,0,3,6,2,0,0,4,2,0,50,24,2006,13.324,109268,273.0846,very_hard
569,"(1, 8, 4, 6, 0, 2, 7, 5, 3)",12,6,0,2,4,1,1,1,3,4,0,40,20,604,3.5968,33291,81.0087,hard
570,"(4, 3, 0, 6, 8, 2, 1, 7, 5)",12,8,0,3,2,0,2,0,2,2,0,32,20,586,12.6827,34705,78.5344,hard
571,"(4, 2, 6, 5, 8, 3, 0, 7, 1)",10,7,0,3,6,2,0,0,4,2,0,42,20,574,3.2957,28502,56.9804,hard
572,"(5, 4, 6, 2, 8, 3, 0, 7, 1)",14,8,0,3,6,2,0,0,4,2,0,54,24,2216,13.5763,96699,233.5618,very_hard
573,"(0, 2, 4, 1, 3, 6, 8, 5, 7)",10,6,0,3,0,0,0,0,3,2,0,40,20,636,3.8018,31558,73.8578,hard
574,"(3, 7, 5, 8, 2, 6, 4, 0, 1)",15,7,0,4,7,2,1,0,4,3,0,39,21,320,1.7965,49701,116.9496,hard
575,"(1, 5, 8, 4, 7, 6, 0, 3, 2)",12,5,0,2,6,2,0,0,3,2,0,44,24,2235,14.1878,104545,248.1434,very_hard
576,"(7, 4, 5, 8, 3, 0, 6, 1, 2)",19,8,0,4,5,1,2,0,3,3,0,41,21,335,1.9171,49600,113.1847,hard
577,"(2, 8, 5, 3, 4, 1, 6, 0, 7)",17,8,0,4,7,2,1,0,3,3,0,47,25,2145,13.6919,139211,367.3406,very_hard
578,"(6, 8, 2, 4, 1, 3, 0, 5, 7)",12,7,0,3,6,2,0,0,3,2,0,32,20,396,2.2874,34444,94.3446,hard
579,"(0, 2, 1, 8, 7, 3, 4, 5, 6)",10,7,0,3,0,0,0,0,2,2,0,36,20,697,4.5841,32068,88.239,hard
580,"(7, 5, 4, 6, 0, 2, 8, 3, 1)",18,8,0,4,4,1,1,1,4,4,0,40,22,484,2.8419,64250,157.46,hard
581,"(8, 7, 1, 5, 0, 3, 2, 6, 4)",18,8,0,4,4,1,1,1,3,4,0,52,24,1803,11.5423,108253,281.9386,very_hard
582,"(1, 2, 3, 7, 5, 8, 4, 6, 0)",6,4,0,1,8,2,2,0,2,2,0,42,20,1170,6.8545,27407,66.1769,hard
583,"(8, 5, 0, 7, 1, 2, 3, 4, 6)",16,8,0,3,2,0,2,0,4,2,0,40,20,241,1.4043,30209,75.3109,hard
584,"(4, 2, 8, 5, 0, 1, 3, 7, 6)",14,7,0,4,4,1,1,1,4,4,0,40,22,1035,6.6636,71704,199.1403,hard
585,"(0, 4, 3, 2, 1, 7, 6, 8, 5)",14,6,0,2,0,0,0,0,3,2,0,36,20,538,3.4971,29737,74.8053,hard
586,"(8, 6, 5, 4, 3, 7, 2, 1, 0)",18,7,0,3,8,2,2,0,3,2,0,52,26,3394,22.4655,152259,439.5969,very_hard
587,"(4, 3, 0, 7, 5, 6, 1, 8, 2)",8,5,0,3,2,0,2,0,3,2,0,42,20,650,4.2014,28547,64.6312,hard
588,"(5, 8, 6, 0, 7, 3, 2, 4, 1)",17,8,0,4,3,1,0,0,4,3,0,49,25,2579,25.7983,141943,405.8573,very_hard
589,"(5, 6, 4, 0, 1, 8, 2, 3, 7)",19,8,0,4,3,1,0,0,3,3,0,39,23,801,5.9133,90048,252.1513,hard
590,"(0, 3, 8, 4, 2, 1, 5, 7, 6)",12,7,0,3,0,0,0,0,3,2,0,28,20,514,3.0842,27833,71.8839,hard
591,"(5, 2, 1, 7, 3, 6, 8, 4, 0)",10,6,0,3,8,2,2,0,2,2,0,32,20,655,5.1818,34352,101.269,hard
592,"(4, 2, 0, 5, 6, 1, 7, 8, 3)",8,5,0,2,2,0,2,0,3,2,0,34,20,837,5.9748,28991,65.3892,hard
593,"(3, 8, 1, 4, 2, 5, 0, 7, 6)",10,7,0,3,6,2,0,0,2,2,0,42,20,568,3.4566,34971,93.065,hard
594,"(0, 3, 7, 1, 4, 6, 2, 5, 8)",12,7,0,3,0,0,0,0,4,2,0,42,20,394,2.3608,35487,83.0874,hard
595,"(0, 2, 8, 3, 7, 5, 1, 4, 6)",14,7,0,3,0,0,0,0,3,2,0,42,20,349,2.1615,37577,96.6532,hard
596,"(5, 8, 3, 7, 4, 0, 1, 2, 6)",11,7,0,3,5,1,2,0,2,3,0,49,25,4017,27.5426,128946,342.7985,very_hard
597,"(5, 4, 0, 3, 6, 2, 8, 1, 7)",16,8,0,3,2,0,2,0,3,2,0,42,20,250,1.56,33690,89.8118,hard
598,"(6, 2, 3, 4, 1, 7, 0, 8, 5)",10,4,0,2,6,2,0,0,3,2,0,42,20,638,4.1571,33981,91.7025,hard
599,"(6, 2, 3, 0, 4, 5, 8, 7, 1)",11,6,0,3,3,1,0,0,4,3,0,55,25,4285,27.6453,137770,366.955,very_hard
600,"(4, 1, 7, 8, 0, 2, 5, 3, 6)",16,8,0,4,4,1,1,1,4,4,0,32,20,474,2.8002,43140,101.2123,hard
601,"(7, 1, 5, 8, 0, 6, 4, 2, 3)",12,7,0,4,4,1,1,1,2,4,0,34,20,576,3.4719,44204,107.7113,hard
602,"(1, 8, 7, 5, 2, 3, 0, 4, 6)",12,7,0,2,6,2,0,0,4,2,0,42,20,363,2.2862,28134,71.8641,hard
603,"(6, 3, 8, 2, 0, 7, 5, 1, 4)",20,8,0,4,4,1,1,1,3,4,0,42,20,106,0.6342,44316,119.5102,hard
604,"(5, 4, 7, 8, 1, 6, 0, 3, 2)",18,7,0,3,6,2,0,0,4,2,0,54,24,1266,7.8583,110735,286.3841,very_hard
605,"(2, 1, 0, 8, 5, 3, 4, 6, 7)",10,7,0,3,2,0,2,0,2,2,0,34,20,666,3.8979,29282,71.7678,hard
606,"(7, 6, 8, 1, 5, 0, 2, 4, 3)",15,7,0,4,5,1,2,0,3,3,0,49,25,2810,18.1432,135571,338.8958,very_hard
607,"(5, 3, 0, 6, 1, 2, 4, 8, 7)",12,7,0,3,2,0,2,0,2,2,0,32,22,1295,8.4708,60792,160.1994,hard
608,"(3, 5, 6, 1, 7, 8, 0, 2, 4)",14,8,0,3,6,2,0,0,3,2,0,42,20,374,2.255,28664,71.2707,hard
609,"(7, 5, 4, 1, 2, 8, 6, 3, 0)",16,8,0,3,8,2,2,0,3,2,0,50,24,1314,8.1997,108874,314.9893,very_hard
610,"(3, 2, 6, 8, 1, 4, 5, 0, 7)",13,7,0,4,7,2,1,0,2,3,0,45,27,9216,60.4298,161303,436.5048,very_hard
611,"(0, 3, 2, 4, 5, 7, 1, 8, 6)",8,5,0,3,0,0,0,0,3,2,0,40,22,1439,9.1734,60623,143.9707,hard
612,"(6, 7, 5, 0, 1, 4, 8, 2, 3)",17,8,0,4,3,1,0,0,3,3,0,55,25,2711,25.9883,129677,345.4871,very_hard
613,"(8, 7, 3, 0, 6, 4, 5, 2, 1)",17,7,0,3,3,1,0,0,4,3,0,49,25,1799,16.4952,139716,381.2695,very_hard
614,"(6, 5, 0, 1, 4, 7, 3, 2, 8)",16,8,0,3,2,0,2,0,4,2,0,50,26,2650,16.6187,144677,397.0931,very_hard
615,"(7, 4, 0, 8, 5, 2, 3, 6, 1)",18,7,0,3,2,0,2,0,4,2,0,54,24,1187,7.4604,113679,297.4234,very_hard
616,"(5, 2, 1, 7, 3, 8, 4, 6, 0)",12,7,0,3,8,2,2,0,2,2,0,50,24,3380,22.4695,109431,287.2076,very_hard
617,"(8, 5, 1, 7, 6, 3, 0, 4, 2)",14,8,0,3,6,2,0,0,3,2,0,54,24,2246,15.476,107459,314.878,very_hard
618,"(8, 0, 3, 1, 5, 7, 6, 2, 4)",15,6,0,3,1,0,1,0,3,3,0,43,25,2504,26.9539,126428,331.4376,very_hard
619,"(2, 4, 1, 8, 5, 3, 0, 6, 7)",12,7,0,3,6,2,0,0,2,2,0,44,24,2698,18.2319,97238,281.5316,very_hard
620,"(8, 5, 2, 7, 3, 0, 6, 4, 1)",17,8,0,4,5,1,2,0,4,3,0,53,25,2535,18.1081,133588,360.1372,very_hard
621,"(0, 1, 5, 2, 7, 8, 6, 4, 3)",16,8,0,3,0,0,0,0,3,2,0,48,24,2293,23.1245,112473,309.5899,very_hard
622,"(0, 8, 6, 4, 7, 3, 5, 2, 1)",14,7,0,3,0,0,0,0,4,2,0,50,26,3981,25.1536,151360,405.9682,very_hard
623,"(3, 7, 1, 0, 5, 4, 6, 8, 2)",15,6,0,4,3,1,0,0,3,3,0,47,25,1931,13.8767,127341,350.3757,very_hard
624,"(7, 0, 8, 1, 2, 3, 5, 6, 4)",15,8,0,4,1,0,1,0,3,3,0,49,25,3559,54.7199,135588,388.5078,very_hard
625,"(3, 6, 7, 1, 0, 4, 2, 8, 5)",16,7,0,4,4,1,1,1,4,4,0,38,24,2050,14.0755,114823,322.6452,very_hard
626,"(3, 7, 6, 8, 0, 4, 5, 2, 1)",18,8,0,4,4,1,1,1,4,4,0,48,26,3436,24.6027,152539,444.0587,very_hard
627,"(2, 6, 7, 0, 1, 4, 3, 5, 8)",17,8,0,4,3,1,0,0,4,3,0,49,25,2347,16.4051,125142,342.3676,very_hard
628,"(0, 7, 4, 8, 6, 1, 3, 5, 2)",20,8,0,3,0,0,0,0,4,2,0,52,24,492,3.3209,100264,275.2118,very_hard
629,"(6, 3, 7, 4, 5, 2, 0, 1, 8)",14,6,0,3,6,2,0,0,4,2,0,50,24,1815,21.9018,103976,316.725,very_hard
630,"(3, 8, 5, 6, 0, 1, 2, 4, 7)",18,8,0,4,4,1,1,1,3,4,0,50,24,1409,8.3852,112955,306.1574,very_hard
631,"(0, 7, 3, 4, 5, 1, 6, 8, 2)",12,4,0,2,0,0,0,0,3,2,0,44,24,2120,16.3295,111999,303.3309,very_hard
632,"(7, 3, 8, 0, 6, 5, 1, 2, 4)",15,8,0,4,3,1,0,0,3,3,0,55,25,2477,29.0182,133982,358.4132,very_hard
633,"(5, 6, 0, 3, 7, 8, 1, 2, 4)",18,8,0,3,2,0,2,0,3,2,0,44,24,1231,8.5638,99154,250.932,very_hard
634,"(6, 0, 8, 5, 3, 1, 7, 4, 2)",17,7,0,3,1,0,1,0,3,3,0,45,25,2832,19.3684,124301,342.8037,very_hard
635,"(0, 6, 2, 7, 8, 4, 5, 1, 3)",14,8,0,3,0,0,0,0,3,2,0,50,24,1565,9.9473,106761,307.26,very_hard
636,"(8, 6, 5, 1, 4, 0, 2, 3, 7)",17,8,0,4,5,1,2,0,3,3,0,51,27,6292,52.3911,166597,456.4512,very_hard
637,"(8, 3, 0, 6, 1, 5, 7, 4, 2)",14,7,0,2,2,0,2,0,3,2,0,46,24,2126,14.0798,99500,265.1796,very_hard
638,"(2, 3, 0, 8, 5, 4, 6, 7, 1)",14,7,0,3,2,0,2,0,4,2,0,52,24,1705,10.4609,102826,255.9834,very_hard
639,"(1, 8, 6, 7, 5, 2, 4, 3, 0)",10,6,0,2,8,2,2,0,3,2,0,54,24,3167,20.2312,102099,256.846,very_hard
640,"(0, 8, 4, 2, 3, 6, 1, 5, 7)",14,7,0,3,0,0,0,0,3,2,0,54,24,2051,20.3261,113180,298.0783,very_hard
641,"(2, 8, 0, 5, 7, 6, 3, 1, 4)",16,7,0,3,2,0,2,0,4,2,0,44,26,3111,24.8206,142757,359.973,very_hard
642,"(7, 5, 6, 1, 8, 3, 2, 4, 0)",12,8,0,3,8,2,2,0,3,2,0,44,24,2012,13.6228,104973,271.8441,very_hard
643,"(5, 7, 3, 1, 4, 0, 6, 8, 2)",13,6,0,3,5,1,2,0,3,3,0,55,25,3817,28.95,126716,325.4192,very_hard
644,"(6, 5, 7, 8, 1, 0, 4, 3, 2)",19,8,0,4,5,1,2,0,4,3,0,55,25,1781,12.9745,125312,327.9023,very_hard
645,"(3, 4, 1, 5, 8, 0, 2, 6, 7)",15,8,0,4,5,1,2,0,3,3,0,51,25,2519,30.0024,126595,335.2072,very_hard
646,"(7, 8, 0, 5, 2, 4, 1, 6, 3)",14,8,0,3,2,0,2,0,2,2,0,52,24,1398,8.8949,105793,282.8231,very_hard
647,"(7, 2, 5, 4, 0, 1, 6, 8, 3)",12,5,0,4,4,1,1,1,3,4,0,42,24,3074,21.5507,110493,287.0746,very_hard
648,"(3, 6, 7, 8, 0, 2, 4, 1, 5)",18,8,0,4,4,1,1,1,4,4,0,54,24,2007,13.7148,124220,320.2665,very_hard
649,"(1, 0, 4, 3, 6, 8, 5, 7, 2)",15,7,0,3,1,0,1,0,3,3,0,49,25,3488,35.7966,131005,324.3885,very_hard
650,"(1, 5, 4, 2, 0, 7, 3, 8, 6)",14,6,0,3,4,1,1,1,4,4,0,54,24,2166,21.3585,109299,276.437,very_hard
651,"(5, 2, 0, 4, 8, 3, 6, 7, 1)",12,6,0,3,2,0,2,0,4,2,0,54,24,2344,17.2513,101347,270.7474,very_hard
652,"(6, 1, 0, 8, 4, 3, 5, 2, 7)",14,8,0,3,2,0,2,0,3,2,0,46,24,2046,14.0781,98127,252.1338,very_hard
653,"(5, 7, 6, 0, 8, 4, 3, 1, 2)",19,8,0,4,3,1,0,0,4,3,0,55,25,1525,10.8073,134466,374.4009,very_hard
654,"(0, 8, 1, 6, 7, 5, 3, 4, 2)",18,8,0,3,0,0,0,0,4,2,0,42,26,2004,13.7582,141128,383.4019,very_hard
655,"(6, 2, 0, 1, 8, 4, 3, 7, 5)",14,7,0,3,2,0,2,0,4,2,0,40,24,1541,10.6702,98495,262.1908,very_hard
656,"(6, 4, 0, 3, 2, 1, 5, 8, 7)",16,7,0,3,2,0,2,0,3,2,0,52,26,3744,36.2983,140226,366.5648,very_hard
657,"(8, 1, 5, 2, 4, 7, 0, 6, 3)",16,8,0,3,6,2,0,0,3,2,0,48,24,1520,9.1388,113652,305.6567,very_hard
658,"(0, 3, 4, 8, 1, 7, 2, 5, 6)",16,8,0,3,0,0,0,0,3,2,0,50,24,1355,8.2831,103967,285.8176,very_hard
659,"(5, 8, 0, 6, 4, 3, 1, 7, 2)",14,8,0,3,2,0,2,0,3,2,0,50,24,1875,12.7072,103995,270.0732,very_hard
660,"(3, 7, 0, 4, 5, 2, 6, 8, 1)",14,5,0,3,2,0,2,0,4,2,0,38,26,3425,23.1059,155452,430.4981,very_hard
661,"(3, 2, 7, 6, 8, 4, 0, 1, 5)",16,7,0,3,6,2,0,0,4,2,0,48,26,2691,18.5826,147392,441.2851,very_hard
662,"(7, 5, 6, 2, 8, 0, 1, 3, 4)",15,8,0,4,5,1,2,0,3,3,0,53,25,3132,20.0005,134239,385.823,very_hard
663,"(8, 1, 7, 4, 6, 5, 3, 2, 0)",16,7,0,3,8,2,2,0,4,2,0,54,24,648,4.0679,100391,241.6716,very_hard
664,"(0, 3, 4, 1, 2, 8, 5, 7, 6)",12,8,0,3,0,0,0,0,3,2,0,54,24,3282,25.2414,97635,277.4646,very_hard
665,"(1, 7, 6, 0, 5, 4, 8, 2, 3)",11,6,0,3,3,1,0,0,3,3,0,55,25,4200,28.1179,127333,352.4585,very_hard
666,"(5, 1, 7, 2, 6, 4, 8, 3, 0)",16,8,0,3,8,2,2,0,4,2,0,50,24,1554,10.1619,106046,294.8191,very_hard
667,"(6, 4, 1, 0, 2, 7, 8, 3, 5)",17,8,0,4,3,1,0,0,3,3,0,53,27,7107,58.4269,161269,464.3717,very_hard
668,"(3, 2, 0, 8, 5, 6, 4, 7, 1)",10,5,0,3,2,0,2,0,4,2,0,54,24,2448,27.441,110036,302.0859,very_hard
669,"(2, 1, 8, 7, 0, 4, 3, 6, 5)",16,8,0,4,4,1,1,1,4,4,0,52,24,2139,14.2052,116785,308.476,very_hard
670,"(6, 2, 3, 0, 5, 7, 8, 4, 1)",13,5,0,3,3,1,0,0,4,3,0,55,25,3392,22.5837,127123,338.0899,very_hard
671,"(1, 6, 3, 0, 8, 4, 2, 5, 7)",11,6,0,2,3,1,0,0,3,3,0,51,25,4786,33.9663,128887,333.2925,very_hard
672,"(4, 7, 0, 3, 8, 2, 1, 6, 5)",16,8,0,3,2,0,2,0,3,2,0,48,24,1754,12.5458,115144,304.2102,very_hard
673,"(4, 0, 3, 5, 6, 7, 8, 2, 1)",13,7,0,3,1,0,1,0,4,3,0,55,25,3601,23.1676,136363,369.1342,very_hard
674,"(5, 2, 7, 3, 6, 1, 4, 0, 8)",15,7,0,4,7,2,1,0,4,3,0,55,25,2994,19.7709,136378,400.9707,very_hard
675,"(6, 4, 3, 0, 2, 7, 8, 5, 1)",15,7,0,3,3,1,0,0,4,3,0,53,25,3266,21.2538,124544,374.7637,very_hard
676,"(0, 1, 8, 6, 4, 5, 3, 7, 2)",16,8,0,3,0,0,0,0,4,2,0,50,24,1138,6.9001,98463,242.7983,very_hard
677,"(8, 5, 7, 2, 0, 1, 4, 3, 6)",18,8,0,4,4,1,1,1,4,4,0,52,24,1721,10.4527,115385,314.1351,very_hard
678,"(3, 4, 5, 2, 8, 1, 6, 0, 7)",17,8,0,4,7,2,1,0,3,3,0,55,25,2506,17.5605,140841,428.4375,very_hard
679,"(6, 5, 8, 4, 1, 2, 7, 3, 0)",14,6,0,2,8,2,2,0,3,2,0,52,24,2004,14.2007,98297,247.123,very_hard
680,"(5, 3, 8, 1, 4, 6, 0, 7, 2)",12,7,0,3,6,2,0,0,3,2,0,52,24,2707,18.1057,99696,278.2547,very_hard
681,"(0, 3, 6, 7, 8, 5, 2, 1, 4)",14,8,0,3,0,0,0,0,3,2,0,54,24,1869,19.7837,97084,239.0366,very_hard
682,"(2, 5, 8, 1, 0, 4, 6, 7, 3)",14,8,0,4,4,1,1,1,3,4,0,50,24,2497,19.0248,119665,321.6727,very_hard
683,"(8, 0, 6, 2, 1, 5, 3, 7, 4)",17,8,0,4,1,0,1,0,4,3,0,41,25,2724,27.7584,126423,317.8358,very_hard
684,"(6, 4, 0, 3, 5, 8, 7, 2, 1)",16,6,0,2,2,0,2,0,4,2,0,48,26,2884,20.5293,149173,392.5779,very_hard
685,"(2, 5, 8, 6, 1, 3, 4, 7, 0)",12,8,0,3,8,2,2,0,3,2,0,44,24,2446,16.3224,98506,245.683,very_hard
686,"(5, 3, 1, 7, 4, 8, 2, 6, 0)",14,8,0,3,8,2,2,0,3,2,0,52,24,2531,17.9305,99427,265.4922,very_hard
687,"(0, 6, 7, 5, 4, 3, 8, 2, 1)",16,8,0,3,0,0,0,0,4,2,0,52,26,2855,19.8545,151380,410.038,very_hard
688,"(3, 8, 7, 1, 5, 4, 2, 6, 0)",16,7,0,3,8,2,2,0,4,2,0,54,26,2764,18.2521,147857,402.3471,very_hard
689,"(7, 8, 1, 3, 4, 2, 0, 5, 6)",14,8,0,3,6,2,0,0,3,2,0,44,24,1855,11.9963,101583,271.4972,very_hard
690,"(6, 7, 8, 1, 0, 5, 4, 2, 3)",16,8,0,4,4,1,1,1,3,4,0,50,26,4852,42.9571,151856,393.4126,very_hard
691,"(8, 2, 0, 4, 3, 6, 1, 7, 5)",10,5,0,3,2,0,2,0,3,2,0,54,24,3096,30.3247,97836,256.8996,very_hard
692,"(6, 8, 2, 5, 3, 4, 0, 7, 1)",16,8,0,3,6,2,0,0,4,2,0,52,28,8285,59.6414,171694,492.0533,very_hard
693,"(8, 1, 0, 7, 2, 4, 5, 3, 6)",14,8,0,3,2,0,2,0,3,2,0,50,24,2002,14.3468,112758,292.1338,very_hard
694,"(6, 8, 1, 4, 7, 3, 5, 0, 2)",15,7,0,4,7,2,1,0,3,3,0,53,25,3175,21.1198,140965,369.3128,very_hard
695,"(8, 4, 7, 0, 3, 5, 1, 6, 2)",19,8,0,4,3,1,0,0,4,3,0,47,25,1589,9.8581,132985,348.3469,very_hard
696,"(2, 8, 4, 1, 6, 7, 5, 3, 0)",16,8,0,3,8,2,2,0,3,2,0,38,24,1750,11.8458,97153,248.3172,very_hard
697,"(8, 2, 4, 5, 6, 1, 0, 3, 7)",16,7,0,3,6,2,0,0,3,2,0,46,26,2446,17.1049,153224,426.8129,very_hard
698,"(3, 8, 6, 0, 7, 2, 5, 4, 1)",17,8,0,4,3,1,0,0,4,3,0,51,25,2598,17.1428,132412,368.9117,very_hard
699,"(7, 3, 4, 6, 5, 0, 8, 2, 1)",15,7,0,4,5,1,2,0,4,3,0,43,25,2406,23.3579,124929,348.217,very_hard
700,"(7, 5, 0, 8, 1, 6, 3, 4, 2)",16,7,0,3,2,0,2,0,4,2,0,50,24,1415,8.3985,102403,265.3611,very_hard
